,yyyyq,r,logDP,logDY,logEP,logDE,svar,b/m,ntis,tbl,lty,ltr,tms,dfy,dfr,lagINFL
223,19264,0.014359294471034937,-2.9730123516104965,-2.966318388347698,-2.386837290602719,-0.5861750610077776,0.003164354,0.441475827,0.050876177,0.0307,0.0354,0.034368833,0.004699999999999999,0.010000000000000002,-0.013226993000000003,-0.011299435
224,19271,0.040385693871848476,-2.9765350967384903,-2.9444389791664407,-2.445078688279091,-0.5314564084593992,0.001681422,0.469765117,0.046356576,0.032,0.0331,0.04208006,0.0010999999999999968,0.0092,-0.021137349000000003,0.011428571
225,19272,0.04519718852522059,-3.0073088413829887,-2.9487555326314143,-2.531329948947166,-0.47597889243582253,0.001818899,0.452385249,0.058821916,0.0307,0.0334,0.003422828,0.0026999999999999975,0.0097,0.005290016000000001,-0.02259887
226,19273,0.15754012389426217,-3.129096985621415,-2.9802801689950695,-2.70775852835696,-0.4213384572644545,0.002825543,0.380586062,0.094612977,0.0268,0.033,0.014460748,0.006200000000000001,0.008799999999999995,0.009169919,0.017341041
227,19274,0.03169958336891211,-3.1326669593102214,-3.1027796773040413,-2.766942179851571,-0.3657247794586504,0.003093201,0.37468859,0.076471109,0.0317,0.0316,0.027037841,-9.999999999999593e-05,0.008599999999999997,-0.007816547,-0.017045455
228,19281,0.07401167304720306,-3.1869801169732312,-3.1070245286968836,-2.7882889551740218,-0.3986911617992095,0.002932658,0.363254838,0.054363937,0.0327,0.0317,0.006989191,-0.0010000000000000009,0.008599999999999997,0.006668194,0.0
229,19282,0.0035584759501287727,-3.1651103413352613,-3.161978814767814,-2.7352537801029375,-0.4298565612323236,0.007032296,0.370299948,0.050298789,0.0392,0.0326,-0.004030117,-0.006600000000000002,0.009800000000000003,-0.004765417000000001,-0.011560694
230,19283,0.09195958627669992,-3.24831764752255,-3.140718888211102,-2.790435378809159,-0.4578822687133908,0.003554761,0.32816581,0.027980057,0.0457,0.0346,-0.018306434,-0.011099999999999999,0.009799999999999996,0.028620009000000002,0.0
231,19284,0.1261858992682971,-3.355050779026374,-3.224506998828831,-2.8704483503594855,-0.48460242866688813,0.006279611,0.259666667,0.063068738,0.0426,0.034,0.016511182,-0.008599999999999997,0.009899999999999999,-0.003401833,0.011695906
232,19291,0.03789685138664453,-3.367687602763277,-3.3203652210384837,-2.8766009719545376,-0.49108663080873977,0.007982346,0.27230047,0.079804566,0.046,0.0377,-0.038605055,-0.008300000000000002,0.0109,0.037154333,-0.011560694
233,19292,0.07304378163298796,-3.4128508274523877,-3.334164910724634,-2.9164139411384964,-0.4964368863138912,0.00840455,0.253580582,0.11619736,0.048,0.0367,0.0219739,-0.011299999999999998,0.011700000000000002,-0.020194829,-0.005847953
234,19293,0.07572135669394577,-3.468391946857843,-3.3804155516992336,-2.966972121378728,-0.5014198254791146,0.008056197,0.244868249,0.121390118,0.0458,0.0375,-0.00070918,-0.008300000000000002,0.013199999999999996,0.008126794,0.005882353
235,19294,-0.3244746725650888,-3.0961838528587347,-3.436975750624464,-2.5894904663776543,-0.5066933864810803,0.100170918,0.338457824,0.163522172,0.0303,0.034,0.053243477,0.003700000000000002,0.012799999999999999,-0.028451268999999998,0.011695906
236,19301,0.14209507726294465,-3.2518313999582333,-3.093095842170158,-2.852896646729618,-0.3989347532286151,0.00466191,0.319119189,0.145496177,0.0295,0.0335,0.01548562,0.0040000000000000036,0.011099999999999999,0.011638226,-0.005780347
237,19302,-0.20205826834286728,-3.0437895685077705,-3.2497780111463914,-2.7638295421498995,-0.2799600263578706,0.021075163,0.403375453,0.131001045,0.0189,0.0328,0.017440377,0.013900000000000003,0.0121,0.00786313,-0.017441861
238,19303,-0.09003696040782978,-2.9448694106806723,-3.0407173694708,-2.8004061690091038,-0.14446324167156885,0.012708779,0.445583211,0.127200376,0.0177,0.0324,0.012139233,0.014699999999999998,0.012299999999999998,0.01814511,-0.00591716
239,19304,-0.1861991392080011,-2.7506665032566295,-2.9428265090508723,-2.7609230034238186,0.010256500167189061,0.028203068,0.554745413,0.113885891,0.0148,0.033,0.000660697,0.0182,0.02190000000000001,-0.005504919,-0.011904762
240,19311,0.08718606467034112,-2.8766851413918313,-2.7923391996571976,-2.9426431091836287,0.06595796779179737,0.01227769,0.529125087,0.073980154,0.0138,0.0332,0.00665864,0.0194,0.020499999999999997,0.030235437999999996,-0.030120482
241,19312,-0.11267143142437332,-2.802012671807667,-2.92017025333157,-2.9323744896709107,0.13036181786324363,0.036952911,0.607271275,0.063758597,0.0055,0.0319,0.02363399,0.0264,0.03,0.001860777000000001,-0.031055901
242,19313,-0.4130801645249231,-2.4239791720378174,-2.8474750458844245,-2.629831226241966,0.20585205420414882,0.035040291,0.944001656,0.030371887,0.0045,0.0353,-0.031020598,0.030799999999999998,0.035199999999999995,0.036017869,-0.032051282
243,19314,-0.1817952000749551,-2.292781092897425,-2.471607221027072,-2.5886264759883666,0.2958453830909418,0.075131849,1.170731707,-0.012921001,0.0241,0.0407,-0.05172054,0.0166,0.051000000000000004,-0.02983429199999999,-0.006622517
244,19321,-0.09450365024849397,-2.290348366545609,-2.395435246957508,-2.569061769014629,0.2787134024690205,0.057500957,1.185862445,-0.008415512,0.0225,0.037,0.042959707,0.014499999999999999,0.038500000000000006,-0.037263941,-0.026666667
245,19322,-0.49715276287955273,-1.90391502801871,-2.404758717723353,-2.16174413732081,0.25782910930209985,0.077337788,2.028478058,-0.040688371,0.0034,0.0347,0.047227499,0.0313,0.0559,-0.05520944,-0.04109589
246,19323,0.6329300797663889,-2.6341190479746763,-2.033126759498716,-2.8659206620320004,0.2318016140573242,0.103428451,1.214365567,0.000704378,0.0003,0.0319,0.054390392,0.031599999999999996,0.0291,0.025244521,-0.028571429
247,19324,-0.14797455138753582,-2.6232182655855127,-2.7825390530929495,-2.8216692043093508,0.19845093872383823,0.069184461,1.442084301,-0.00503248,0.0004,0.0315,0.014614139,0.0311,0.038299999999999994,0.014244962000000002,-0.014705882
248,19331,-0.1462456486397408,-2.490048049288419,-2.653677473070221,-2.638715507701146,0.148667458412727,0.059037648,1.476534296,-0.02188381,0.0134,0.0321,-0.001792244,0.018699999999999994,0.0423,0.006029268,-0.02238806
249,19332,0.6364858520199739,-3.144702384123012,-2.521464245521798,-3.2453459099026998,0.1006435257796875,0.060934421,0.833503159,0.000760917,0.0007,0.0306,0.032138055,0.0299,0.026099999999999998,0.036529432,-0.038167939
250,19333,-0.10125552156988862,-3.0728967941902616,-3.1771376598761663,-3.122456485138722,0.04955969094846052,0.058996971,0.867996604,-0.00045849,0.0004,0.0308,0.004998713,0.0304,0.0291,0.019115247000000002,0.007936508
251,19334,0.034228978256713914,-3.1335159759170437,-3.1064194862289054,-3.1335159759170437,0.0,0.042847916,0.829026046,0.006195828,0.0029,0.0336,-0.034894742,0.030699999999999998,0.0325,0.039158433,0.039370079
252,19341,0.08073338155062938,-3.189091263510673,-3.126720932784215,-3.166768908072775,-0.022322355437898383,0.018578719,0.802512212,0.009606328,0.0024,0.0307,0.054378131,0.028300000000000002,0.0213,0.005757715999999996,0.0
253,19342,-0.08449983344204748,-3.0930832703931683,-3.1845867513895687,-3.0491201469720526,-0.043963123421116176,0.016157033,0.840731071,0.00598278,0.0015,0.0289,0.032738356,0.027399999999999997,0.0213,0.0028632429999999945,0.007575758
254,19343,-0.07147971837463915,-3.011236460089956,-3.0863643201444235,-2.9464189600134856,-0.06481750007647082,0.022863597,0.870364364,0.019439017,0.0021,0.031,-0.022332631,0.0289,0.02609999999999999,0.025597245999999997,0.007518797
255,19344,0.04829104294338728,-3.0497994948242666,-3.006782109740576,-2.9646416864839598,-0.08515780834030683,0.008992412,0.773740869,0.020812716,0.0023,0.0293,0.033413374,0.027,0.0242,0.00015284499999999868,0.014925373
256,19351,-0.11331160529994772,-2.9350382048817347,-3.0497994948242666,-2.4512412535036634,-0.4837969513780713,0.009466448,0.800754118,0.012045956,0.0015,0.0274,0.031780467,0.0259,0.025299999999999996,0.008169681999999998,-0.014705882
257,19352,0.19712455967431383,-3.1463051320333655,-2.9575110607337933,-2.536045611279188,-0.6102595207541777,0.008850288,0.681818182,0.019343977,0.0015,0.027,0.011374796,0.0255,0.0216,0.015445251,0.02238806
258,19353,0.13153919722500745,-3.2711232094214906,-3.1463051320333655,-2.7245795030534206,-0.5465437063680699,0.007883858,0.611734385,0.008026621,0.002,0.0282,-0.007869065,0.0262,0.0194,0.014722445,0.0
259,19354,0.15871833113424322,-3.3525135948131792,-3.205165241629693,-2.8719278562369066,-0.4805857385762726,0.009306242,0.559911191,0.008688835,0.0015,0.0276,0.014155843,0.026099999999999998,0.0186,0.005365508,0.0
260,19361,0.11482677193857481,-3.39584977533556,-3.2906381910950917,-2.938424928296685,-0.45742484703887554,0.009094232,0.527696047,0.013456037,0.002,0.0275,0.024389182,0.025500000000000002,0.0157,-0.002433018999999998,0.00729927
261,19362,0.0026293858162067924,-3.295163238494855,-3.300539595531235,-2.8251596092491194,-0.4700036292457356,0.010237205,0.523178388,0.02081345,0.002,0.0273,0.009629779,0.025300000000000003,0.016600000000000004,0.005234826,-0.007246377
262,19363,0.08920105410782232,-3.2675098488234036,-3.1916225595540144,-2.835088930726711,-0.43242091809669264,0.005371819,0.491598141,0.021398483,0.0016,0.0268,0.014013384,0.0252,0.014399999999999996,0.0005462950000000005,0.00729927
263,19364,0.07978387127204598,-3.1722499835281455,-3.1017175939806596,-2.8239432892599297,-0.34830669426821587,0.00655318,0.458588105,0.025224722,0.0012,0.0255,0.024992527,0.0243,0.0143,-0.01055185,0.014492754
264,19371,0.05038959839241398,-3.1735994799985656,-3.13142798900789,-2.7815573922225414,-0.39204208777602373,0.005993818,0.458666381,0.033506829,0.0038,0.0285,-0.034110751,0.0247,0.013600000000000001,0.020524917000000004,0.0
265,19372,-0.14540377172315827,-2.908720896564361,-3.0602707946915624,-2.5773637606099187,-0.3313571359544425,0.012044022,0.504961021,0.031266167,0.0036,0.0285,0.007404073,0.024900000000000002,0.016499999999999994,0.008780510999999998,0.014285714
266,19373,-0.10946590021927124,-2.8831305966396052,-2.995732273553991,-2.422914973760032,-0.46021562287957263,0.020944158,0.553147441,0.035846726,0.0031,0.0284,0.007771134,0.025300000000000003,0.018799999999999997,-0.0030722809999999996,0.014084507
267,19374,-0.2442549342729348,-2.579269411236285,-2.8449093838194073,-2.2339082271978263,-0.34536118403845883,0.060650595,0.707488622,0.0317754,0.0011,0.0273,0.022153811,0.0262,0.0252,-0.001918839999999998,0.013888889
268,19381,-0.21817151034828502,-2.3885275227947704,-2.604587219220575,-2.1705253709809793,-0.21800215181379104,0.032591674,0.892369884,0.033845249,0.0008,0.0273,0.0071892,0.026500000000000003,0.0308,-0.011127193,-0.01369863
269,19382,0.31825096777224954,-2.748655956028153,-2.4411712562801924,-2.708915627378639,-0.03974032864951411,0.038353468,0.659545862,0.016744545,0.0005,0.0259,0.025902597,0.0254,0.029900000000000003,-0.0014480659999999979,-0.020833333
270,19383,0.06242484430964497,-2.920224721045846,-2.863066307205897,-2.98274507802718,0.06252035698133414,0.02985815,0.624248851,0.011896174,0.0008,0.0259,0.00650946,0.0251,0.024400000000000005,0.009129093,0.0
271,19384,0.09315114945332092,-3.2543186717979995,-3.1780538303479458,-3.0272612211626533,-0.22705745063534608,0.011339538,0.572039388,0.005721713,0.0003,0.0252,0.014532707,0.0249,0.021899999999999996,0.009539993999999998,0.0
272,19391,-0.1795940524634472,-3.0500019034880483,-3.234900585940898,-2.7385657450281604,-0.31143615845988804,0.019125843,0.660649272,-0.001260686,0.0003,0.0237,0.02662154,0.023399999999999997,0.019,-0.015788509,-0.007092199
273,19392,-0.003266194646180603,-3.0199645869417586,-3.030953708517354,-2.6595231602075495,-0.36044142673420915,0.015964727,0.666768736,-8.64e-05,0.0003,0.0221,0.026323205,0.0218,0.019899999999999998,-0.011452184999999998,-0.007142857
274,19393,0.20202661475231976,-3.146305132033365,-2.9649048097587314,-2.7772076680960756,-0.3690974639372894,0.027125759,0.580047949,-0.002109552,0.0014,0.0278,-0.063035151,0.0264,0.0175,0.037660515,-0.007194245
275,19394,-0.03069519185689474,-3.002964125080486,-3.044522437723423,-2.6302888397953126,-0.3726752852851735,0.004203985,0.58070538,0.002550784,0.0004,0.0226,0.073203231,0.022199999999999998,0.0198,-0.03336806099999999,0.02173913
276,19401,-0.010414894926685823,-2.967561396587295,-2.986963783734045,-2.5155762728442377,-0.45198512374305727,0.002676663,0.647959875,0.005678709,0.0002,0.0215,0.018713029,0.0213,0.0196,-0.006768389,-0.007092199
277,19402,-0.188109458107509,-2.731366006415827,-2.9363088530831902,-2.2613623771700913,-0.4700036292457356,0.029657862,0.783221367,0.006369791,0.001,0.0227,-0.00835437,0.0217,0.0215,0.009037194,0.0
278,19403,0.08143324992282777,-2.766975985334824,-2.701060656920498,-2.28953737760157,-0.47743860773325364,0.007828355,0.720747889,0.009646939,0.0005,0.0215,0.01910272,0.020999999999999998,0.018400000000000003,-0.007075476000000001,0.007142857
279,19404,0.013431230379251103,-2.7594429930272786,-2.766975985334824,-2.3101752622607212,-0.44926773076655724,0.007887114,0.72904751,0.012589189,0.0002,0.0194,0.030522096,0.019200000000000002,0.0174,-0.021617057,-0.007092199
280,19411,-0.04265759375440588,-2.6842395524084917,-2.744627907242138,-2.2403081634725313,-0.4439313889359605,0.005971553,0.804269883,0.010060575,0.0011,0.0206,-0.008714346,0.0195,0.015799999999999998,0.007712065,0.007142857
281,19412,0.006064816601763843,-2.6585351365748298,-2.669640752987339,-2.201293758942945,-0.45724137763188455,0.004522472,0.801526718,0.008967507,0.0012,0.0191,0.02233802,0.0179,0.0154,-0.0032195489999999986,0.007092199
282,19413,0.046768252184489725,-2.6790626642289577,-2.6441463991227296,-2.1484344131667874,-0.5306282510621704,0.002701595,0.778268412,0.010283855,0.001,0.0193,0.002799155,0.0183,0.015499999999999996,0.011768928000000001,0.035211268
283,19414,-0.13193229711480978,-2.5046632482240767,-2.664878029237001,-2.0137529341590277,-0.49091031406504915,0.009276808,0.889509733,0.010342826,0.0033,0.0204,-0.006836351,0.0171,0.015799999999999998,0.0014007719999999998,0.027210884
284,19421,-0.06223547427895716,-2.4517544424711,-2.533236620668133,-2.0414700479269863,-0.4102843945441133,0.006571892,1.03486386,0.010120462,0.0025,0.0244,0.01728126,0.021900000000000003,0.014399999999999996,-0.011183003,0.026490066
285,19422,0.05169352183213519,-2.531770958764218,-2.4962062050419336,-2.136458222120072,-0.39531273664414623,0.005233832,0.99670989,0.010198306,0.0037,0.0244,0.004879624,0.020700000000000003,0.014799999999999997,0.00113042,0.032258065
286,19423,0.08193535239106077,-2.658453259962838,-2.594291315745552,-2.2422928627379255,-0.41616039722491227,0.003188212,0.944001466,0.006243538,0.0038,0.0244,0.005908522,0.0206,0.014599999999999998,0.0016094919999999997,0.01875
287,19424,0.11627957479279012,-2.806949208137063,-2.70805020110221,-2.249757663813147,-0.5571915443239164,0.003057043,0.862646566,0.001812004,0.0038,0.0246,0.003786169,0.0208,0.014699999999999998,0.0023200729999999998,0.012269939
288,19431,0.1835434143810464,-2.9769122142272213,-2.806949208137063,-2.3816208236710343,-0.5952913905561869,0.002933241,0.783480999,0.00189186,0.0038,0.0247,0.003700869,0.0209,0.012499999999999997,0.003813077,0.024242424
289,19432,0.07544556162172111,-3.0412888051563582,-2.9769122142272213,-2.4183458832696614,-0.622942921886697,0.004650902,0.746268657,0.001200105,0.0038,0.0244,0.011641683,0.0206,0.011600000000000003,0.0029285100000000005,0.017751479
290,19433,-0.012274497873299484,-3.0023768162726596,-3.024481686839977,-2.4145901513705406,-0.5877866649021192,0.004748037,0.763631173,0.013693478,0.0038,0.0246,0.00310199,0.0208,0.0114,0.0012035219999999998,0.017441861
291,19434,-0.01413010113039276,-2.951317768113245,-2.985847514321449,-2.518896850016552,-0.43242091809669264,0.003754351,0.787401575,0.014422539,0.0038,0.0248,0.0023009,0.020999999999999998,0.010799999999999997,-0.0006144999999999998,-0.005714286
292,19441,0.04504834036057481,-2.9646077300500613,-2.935057247241464,-2.559142621941897,-0.40546510810816444,0.001918881,0.813886488,0.019145327,0.0038,0.0247,0.007417864,0.0209,0.009599999999999997,0.002814889000000001,0.0
293,19442,0.08736822899048392,-3.0254451708725028,-2.9486073887036204,-2.646791320214995,-0.37865385065750773,0.001893657,0.761558162,0.01820177,0.0038,0.0248,0.004906923,0.020999999999999998,0.0086,0.0010025800000000003,0.0
294,19443,-0.006710823350667419,-2.994168551577808,-3.0096968139043634,-2.653241964607215,-0.3409265869705932,0.002615176,0.772332718,0.008962755,0.0038,0.0247,0.007718554,0.0209,0.008400000000000001,0.0010059480000000004,0.011494253
295,19444,0.06246551282036885,-3.0325462466767075,-2.994168551577808,-2.658829836883123,-0.37371640979358417,0.001971788,0.743763575,0.019062447,0.0038,0.0246,0.007818012,0.0208,0.0079,0.013891074,0.005681818
296,19451,0.03546751448555909,-3.0437895685077705,-3.017042060140742,-2.653828646935571,-0.3899609215721991,0.003466757,0.767882643,0.015962528,0.0038,0.0236,0.022640835,0.019799999999999998,0.007599999999999996,-0.008583852000000001,0.005649718
297,19452,0.10792876052351096,-3.1361628886387853,-3.0437895685077705,-2.7053799725463312,-0.4307829160924542,0.003185403,0.718843046,0.019466317,0.0038,0.0217,0.038956154,0.0179,0.006799999999999997,-0.0350559,0.0
298,19453,0.08072380686971145,-3.198054497054615,-3.120895416507997,-2.7925893889464506,-0.4054651081081643,0.005349312,0.656820832,0.01760692,0.0038,0.0221,-0.000654881,0.0183,0.006199999999999997,0.0031522,0.016853933
299,19454,0.0844407244254657,-3.26968415319387,-3.198054497054615,-2.8949907037524594,-0.37469344944141053,0.003967772,0.613239334,0.025525278,0.0038,0.0199,0.042876782,0.0161,0.004899999999999998,-0.023081286000000003,0.0
300,19461,0.04680359761699954,-3.280468835776015,-3.2398311900441885,-3.0001668706218565,-0.2803019651541584,0.010084155,0.614852676,0.031187876,0.0038,0.0198,0.006713708,0.016,0.004699999999999999,0.01298504,0.005524862
301,19462,0.026626112353234307,-3.2996422524937166,-3.280468835776015,-3.0883331588265097,-0.21130909366720677,0.00383197,0.596731835,0.033591572,0.0038,0.0206,-0.007786587,0.0168,0.005400000000000002,0.0072738410000000005,0.005494506
302,19463,-0.20996178068752916,-3.0764436539371633,-3.285043453072564,-2.821913788802283,-0.2545298651348806,0.019709015,0.711634381,0.049111945,0.0038,0.0219,-0.01594205,0.018099999999999998,0.0052,0.0033785819999999998,0.021857924
303,19464,0.03534535348967733,-3.0703431373451657,-3.047870281493107,-2.669583920274414,-0.4007592170707518,0.012745952,0.692437923,0.03607606,0.0038,0.0212,0.016488461,0.0174,0.005599999999999997,-0.005699167,0.090909091
304,19471,-0.0026387920034419967,-3.047823860332477,-3.056356895370426,-2.480302892889941,-0.567520967442536,0.005887148,0.741534989,0.03101998,0.0038,0.0213,0.003501738,0.017499999999999998,0.006000000000000002,0.0042052140000000005,0.053921569
305,19472,0.010280105707945705,-2.9963899519729615,-2.9937566390622012,-2.3573099926832923,-0.6390799592896695,0.006811225,0.741116751,0.026472743,0.0038,0.0216,0.000587378,0.0178,0.006599999999999998,0.003818224,0.018604651
306,19473,0.004535510483884053,-2.951079109805718,-2.9576754397922715,-2.277101845353493,-0.6739772644522252,0.004187344,0.740323399,0.02405855,0.008,0.0213,0.009987446,0.0133,0.006200000000000001,-0.02813465,0.00456621
307,19474,0.03194894884979612,-2.902206215543168,-2.889710163429426,-2.251618649402018,-0.6505875661411494,0.002452803,0.725325679,0.025921595,0.0095,0.0243,-0.039831736,0.014799999999999999,0.006600000000000002,0.022581709,0.045454546
308,19481,-0.003241919005916162,-2.875888292077585,-2.890371757896165,-2.1768759920652414,-0.6990123000123435,0.004886523,0.841422122,0.027187025,0.01,0.0241,0.010031671,0.0141,0.006999999999999999,0.007850247,0.017391304
309,19482,0.1162899796316021,-2.980319994559104,-2.875888292077585,-2.197224577336219,-0.7830954172228848,0.002911784,0.786973504,0.023893669,0.01,0.0238,0.010106677,0.013800000000000002,0.0058,-0.013841842,0.0
310,19483,-0.06817807740853223,-2.879456721762285,-2.9570631323948366,-2.0126460471514998,-0.8668106746107853,0.006347632,0.836231071,0.019128082,0.0109,0.0242,-0.00060301,0.0133,0.006100000000000001,0.003275061,0.02991453
311,19484,-0.0029880017790498378,-2.793866120687066,-2.8127653472636127,-1.8927436102860824,-0.9011225104009837,0.007953871,0.840947547,0.015014554,0.0116,0.0237,0.01395183,0.0121,0.007399999999999997,0.010211627,0.01659751
312,19491,0.0012172050022195894,-2.732244929689267,-2.74149813516975,-1.8449417346883643,-0.8873031950009027,0.003843559,0.901750424,0.014658966,0.0117,0.0227,0.020637417,0.011000000000000001,0.007700000000000002,-0.012317647000000001,-0.016326531
313,19492,-0.04988574495446872,-2.630618460969394,-2.6922395950755678,-1.7749523509116738,-0.8556661100577201,0.003204742,0.953888424,0.016812418,0.0117,0.0217,0.019752225,0.01,0.007600000000000003,-0.005192172000000002,-0.012448133
314,19493,0.10653393725663138,-2.706767327289321,-2.6112003751122925,-1.8746946744991828,-0.8320726527901381,0.003262011,0.875020547,0.023343408,0.0107,0.0212,0.01332075,0.0105,0.007700000000000002,0.0024445170000000002,0.004201681
315,19494,0.09667722001557649,-2.687966832647533,-2.6149597780361984,-1.9774279093757186,-0.7105389232718146,0.001995603,0.796429284,0.027175585,0.011,0.0209,0.009224811,0.009899999999999999,0.0072999999999999975,-0.015038545,0.0
316,19501,0.04440500038949739,-2.6931245508855346,-2.6619913462442724,-1.9872383445481594,-0.7058862063373751,0.00203947,0.825527785,0.029291342,0.0112,0.0215,-0.00321602,0.010299999999999998,0.006599999999999998,0.009828296,-0.012552301
317,19502,0.03220490597251494,-2.6906779513777392,-2.6678067429012446,-1.9408354271412487,-0.7498425242364906,0.00721099,0.813447468,0.030396659,0.0115,0.0216,0.003794125,0.010100000000000001,0.006600000000000002,-0.003097163,0.0
318,19503,0.11875105343608838,-2.6826681278307927,-2.5878205659380313,-1.9672151897565493,-0.7154529380742436,0.005504228,0.751457855,0.025914209,0.013,0.022,-0.000342035,0.009,0.005699999999999997,0.007126423,0.008474576
319,19504,0.07832592144196163,-2.6307625760311084,-2.5825846692738104,-1.9722209246486389,-0.6585416513824698,0.006706621,0.722538442,0.031358256,0.0134,0.0224,0.000281093,0.009,0.005299999999999999,0.0066251570000000004,0.025210084
320,19511,0.05663122747244359,-2.6446805871696206,-2.5973146419635684,-2.0231142103726594,-0.6215663767969611,0.003582998,0.7813946,0.032686771,0.014,0.0241,-0.017317126,0.0101,0.004500000000000004,-0.008831786000000001,0.024590164
321,19512,-0.012029610727190897,-2.5979300381913957,-2.61870510076636,-2.0419839791449355,-0.5559460590464603,0.003392391,0.800362677,0.036341121,0.0145,0.0259,-0.01927496,0.011399999999999999,0.005500000000000001,0.007598617,0.032
322,19513,0.11690177052556978,-2.7280248122323334,-2.6239055245946563,-2.226452393946826,-0.5015724182855075,0.002244756,0.716182328,0.028799506,0.0163,0.0253,0.015645927,0.009000000000000001,0.006199999999999997,0.010604611,0.003875969
323,19514,0.03525906355047923,-2.824834576982026,-2.8031454427004414,-2.276426242066992,-0.5484083349150335,0.002962094,0.721316347,0.036150788,0.0173,0.0269,-0.018636657,0.009600000000000001,0.006000000000000002,0.0038061400000000013,0.007722008
324,19521,0.039438287386217324,-2.8426959960239455,-2.8177674097589334,-2.317884130283215,-0.5248118657407306,0.002101837,0.751874119,0.032094137,0.0159,0.0263,0.015350584,0.0104,0.005499999999999998,0.003565620999999998,0.015325671
325,19522,0.033244871384963647,-2.845710987068744,-2.8217893112046317,-2.367123614131617,-0.478587372937127,0.001659559,0.738715088,0.02773127,0.017,0.0259,0.014047693,0.008899999999999998,0.005600000000000004,-0.009744615,-0.00754717
326,19523,-0.008959470628711242,-2.8287408828502825,-2.845710987068744,-2.3416428202452466,-0.48709806260503563,0.001075591,0.748678911,0.031038055,0.0171,0.0277,-0.021869182,0.010599999999999998,0.005700000000000004,0.027965024,0.007604563
327,19524,0.09315367966068522,-2.9361930553816453,-2.8567147348926882,-2.404314022417822,-0.531879032963823,0.001753025,0.694073313,0.026534716,0.0209,0.0279,0.004563611,0.007000000000000003,0.0053999999999999986,0.0009443559999999995,0.00754717
328,19531,-0.040600931812290623,-2.886819356291797,-2.9361930553816453,-2.3425178033294167,-0.5443015529623804,0.001574275,0.762496874,0.024013353,0.0201,0.0294,-0.016244348,0.0093,0.004500000000000004,0.0010158419999999994,0.0
329,19532,-0.037840142880452676,-2.833213344056216,-2.8797521890687046,-2.263587462525693,-0.5696258815305231,0.002970454,0.795496906,0.0274619,0.0211,0.0301,-0.003405325,0.008999999999999998,0.0046,-0.013722484,-0.003745318
330,19533,-0.028253677709504387,-2.799940112501737,-2.833213344056216,-2.2145036249445718,-0.5854364875571654,0.002368131,0.808210877,0.025876606,0.0179,0.0284,0.033089477,0.010500000000000002,0.0059000000000000025,0.0014890270000000039,0.007518797
331,19534,0.06972131205250774,-2.8396832412712265,-2.7790334276824233,-2.2909640445600172,-0.5487191967112094,0.001366619,0.759700961,0.024822272,0.016,0.0274,0.023114493,0.0114,0.006100000000000001,0.009581827000000001,0.003731343
332,19541,0.09054618088178598,-2.908349770191573,-2.8259843969130647,-2.3575188118118833,-0.5508309583796898,0.001195486,0.804915818,0.022093476,0.0103,0.0278,0.039105659,0.017499999999999998,0.006499999999999999,-0.0026336009999999993,0.0
333,19542,0.08758441861320536,-3.0029475599671667,-2.922048614549735,-2.4113367986266443,-0.5916107613405225,0.002095984,0.732467844,0.018357419,0.0064,0.0272,0.017935755,0.0208,0.005899999999999999,-0.019269265,0.0
334,19543,0.10750902420252786,-3.090114379045762,-2.989248715609005,-2.508392933646734,-0.5817214453990283,0.002450063,0.677745104,0.016884189,0.0101,0.0271,0.008742008,0.017,0.005800000000000003,0.0010884209999999991,0.0
335,19544,0.1246993573070515,-3.151180812096849,-3.043594363410869,-2.56411590832314,-0.5870649037737093,0.002648281,0.604119785,0.026992812,0.0115,0.0272,0.00448633,0.0157,0.005500000000000001,0.003734737,-0.003717472
336,19551,0.02658357706996075,-3.154815821701274,-3.1382774072609414,-2.5143123746267504,-0.6405034470745232,0.005603977,0.607761777,0.027968342,0.0128,0.0288,-0.023287915,0.016,0.0045999999999999965,0.016402386999999997,-0.003731343
337,19552,0.12077528282212179,-3.263227887093878,-3.148426023602503,-2.5449221468977776,-0.7183057401961003,0.002018868,0.551641632,0.025363932,0.0141,0.0293,-0.000255516,0.0152,0.0046,0.0012501869999999998,0.0
338,19553,0.063425370976936,-3.294235218253177,-3.231877357209802,-2.5411898961121624,-0.7530453221410142,0.008913603,0.533624791,0.025633981,0.0207,0.0298,-0.00257565,0.0091,0.0046,0.002231308,0.0
339,19554,0.04941064186599463,-3.3225764270462284,-3.2819651256613627,-2.5307986430446556,-0.7917777840015727,0.005083761,0.50982801,0.02524455,0.0254,0.0295,0.01357159,0.0040999999999999995,0.004700000000000003,-0.002464896999999999,0.007490637
340,19561,0.0676803220582347,-3.3330299332513715,-3.269151260372648,-2.5755248837086233,-0.7575050495427482,0.003288987,0.5310772,0.026695068,0.0225,0.0303,-0.006922325,0.007800000000000001,0.0049999999999999975,0.00515917,-0.003717472
341,19562,-0.02898463164920152,-3.2617224351367846,-3.29336467685894,-2.568575254576839,-0.6931471805599453,0.003688373,0.551564593,0.025671522,0.0249,0.0299,0.013675304,0.005000000000000001,0.0050000000000000044,-0.021823655999999997,0.0
342,19563,-0.0338189010547764,-3.2046446049402513,-3.2397435284180096,-2.573141587491513,-0.6315030174487385,0.002518761,0.571909521,0.029361949,0.0284,0.0324,-0.034405216,0.003999999999999997,0.0051,0.005662768000000002,0.014925373
343,19564,0.034109876153003475,-3.2892164467352867,-3.260525063334708,-2.616389268666299,-0.6728271780689877,0.004393803,0.544176827,0.026149367,0.0321,0.0345,-0.028771081,0.0024000000000000063,0.006200000000000004,-0.002208283999999998,0.007352941
344,19571,-0.049832023069868364,-3.2385651056071607,-3.294980151452037,-2.5629110824947325,-0.6756540231124282,0.00228828,0.599818875,0.026599595,0.0308,0.0331,0.034697252,0.0022999999999999965,0.0076999999999999985,-0.0003681259999999964,0.00729927
345,19572,0.07479201786771959,-3.3098677084259727,-3.2385651056071607,-2.6283485658611463,-0.681519142564826,0.001362853,0.565876532,0.030527691,0.0329,0.0361,-0.042008859,0.0032000000000000015,0.007199999999999998,-0.0037892149999999986,0.007246377
346,19573,-0.10783137801541788,-3.182306140086476,-3.2926753078856,-2.5034653551777684,-0.6788407849087074,0.004218226,0.624150778,0.034362522,0.0353,0.0364,0.003669534,0.0011000000000000038,0.008099999999999996,-0.00617259,0.010791367
347,19574,-0.06251323916382627,-3.1064138030060633,-3.1654043292838727,-2.4737166784944566,-0.6326971245116066,0.009677492,0.653675779,0.034873147,0.0304,0.0323,0.080208128,0.0019000000000000024,0.012199999999999996,0.024056202,0.007117438
348,19581,0.05403421828798542,-3.169068194102598,-3.1176498762729894,-2.5958249407681735,-0.5732432533344243,0.002039919,0.668591638,0.028935347,0.013,0.0321,0.011731463,0.0191,0.010500000000000002,-0.007281207,0.003533569
349,19582,0.07409275390998299,-3.2638602427382324,-3.191926332178648,-2.7369792282189436,-0.5268810145192884,0.001618081,0.62466017,0.021436618,0.0083,0.0324,0.00240263,0.024099999999999996,0.009799999999999996,0.013173988000000001,0.014084507
350,19583,0.10720236986026478,-3.3651008774939406,-3.2638602427382324,-2.855431991855774,-0.509668885638167,0.001794767,0.561371197,0.013983478,0.0244,0.038,-0.080970639,0.013599999999999998,0.007800000000000001,0.025009618999999997,0.003472222
351,19584,0.10584317649536731,-3.4515283083605306,-3.3536064980682054,-2.9498875941716123,-0.5016407141889182,0.003036457,0.51177932,0.023686832,0.0277,0.0382,0.007395623,0.010499999999999999,0.0076999999999999985,0.007993115000000002,0.0
352,19591,0.010264549594313685,-3.44432180829591,-3.4401645497102153,-2.880678628690505,-0.563643179605405,0.00192111,0.516860282,0.02498439,0.028,0.0403,0.005312531,0.012300000000000002,0.007199999999999998,-0.0039288579999999995,0.0
353,19592,0.055002349530593984,-3.4862981823349153,-3.433085735028984,-2.844738370565463,-0.6415598117694521,0.001835421,0.483219391,0.026882074,0.0321,0.0419,-0.011206344,0.009800000000000003,0.0058,-0.012922553,0.0
354,19593,-0.028333408318618438,-3.447616940217251,-3.4751869569098446,-2.808383524317137,-0.6392334159001143,0.00326734,0.492337893,0.030528391,0.0404,0.0429,-0.00383529,0.0025000000000000022,0.006600000000000002,-0.002943177,0.006920415
355,19594,0.05201644427495913,-3.4881935794230414,-3.436627818641656,-2.871679624884012,-0.6165139545390295,0.00142542,0.457783797,0.022856304,0.0449,0.0447,-0.013024952,-0.00020000000000000573,0.006999999999999999,0.033357564,0.006872852
356,19601,-0.08136762939636322,-3.3508080012835433,-3.429821573201134,-2.792666052966421,-0.5581419483171222,0.00303881,0.549798083,0.02559341,0.0331,0.0411,0.060926043,0.008,0.007599999999999996,-0.017737616999999997,0.003412969
357,19602,0.02712472092516803,-3.3738174006459962,-3.3456666017831242,-2.8599195778430353,-0.5138978228029608,0.001567673,0.529174862,0.024269926,0.0246,0.0407,0.01520599,0.0161,0.008100000000000003,-0.005461935000000001,0.0
358,19603,-0.06098148472074674,-3.312226043244318,-3.3738174006459962,-2.795265430910811,-0.5169606123335067,0.00338641,0.584341711,0.028312467,0.0248,0.0387,0.037577341,0.0139,0.007599999999999996,-0.0064141649999999995,0.006802721
359,19604,0.08552389022271636,-3.3945083935113587,-3.312226043244318,-2.877547781177852,-0.5169606123335067,0.002167694,0.550422965,0.022761361,0.0225,0.038,0.018256736,0.0155,0.0075,-0.014126874,0.0
360,19611,0.11738826881756502,-3.5126219479699685,-3.3996497930117773,-3.0471388301355513,-0.46548311783441737,0.001703524,0.546679869,0.022737591,0.0239,0.0397,0.005352382,0.015799999999999998,0.008,0.027753696999999997,0.006756757
361,19612,-0.004837771421980217,-3.5061454411376034,-3.5126219479699685,-3.0602707946915624,-0.445874646446041,0.00196246,0.540821101,0.022482126,0.0233,0.0404,-0.000704253,0.017099999999999997,0.006999999999999999,-0.013998532,0.0
362,19613,0.03285787966008408,-3.5277101536730893,-3.495888940970414,-3.085513036296195,-0.4421971173768944,0.001857088,0.527516721,0.024963387,0.0228,0.0403,0.012582658,0.0175,0.0067000000000000046,0.004041718,0.0
363,19614,0.07089542436529374,-3.5672989945893465,-3.497557115502402,-3.110375589205707,-0.45692340538363985,0.000964801,0.505922258,0.022324288,0.026,0.0415,-0.007477773,0.015500000000000003,0.0067999999999999935,0.020372941,0.006711409
364,19621,-0.027221978373783692,-3.529096110513327,-3.5574466981463346,-3.0271331740051814,-0.5019629365081453,0.00135612,0.545724592,0.024075304,0.0272,0.0398,0.034410385,0.012600000000000004,0.006499999999999999,-0.005868837000000002,0.0
365,19622,-0.23753471268769022,-3.2800713858951203,-3.519339935567962,-2.7586227747378422,-0.5214486111572781,0.01809566,0.687357469,0.026455442,0.0273,0.0401,0.005140153,0.012799999999999995,0.007400000000000004,0.006422927,0.003333333
366,19623,0.027778217087811138,-3.297793639731961,-3.2704094749833836,-2.7688636624999825,-0.5289299772319787,0.003822427,0.666344261,0.030601614,0.0278,0.0398,0.013742507,0.012000000000000004,0.007099999999999995,0.008049772000000002,0.003322259
367,19624,0.11968984085308879,-3.3885987898258336,-3.274039553723854,-2.8445291074806884,-0.5440696823451451,0.005270773,0.591627051,0.01996807,0.0287,0.0395,0.014054452,0.0108,0.0068000000000000005,0.0013177049999999989,0.006622517
368,19631,0.05365510503241601,-3.4327861834730404,-3.379252927407596,-2.8872221489932683,-0.5455640344797723,0.001451838,0.587528571,0.014380171,0.0289,0.0401,0.00160055,0.011199999999999998,0.006900000000000003,0.009234375,0.0
369,19632,0.04145739377305306,-3.4509971370329398,-3.409796665248342,-2.8939821307975744,-0.5570150062353652,0.000886915,0.567281575,0.018263203,0.0299,0.0407,0.002999325,0.0108,0.006100000000000001,0.0009748000000000001,0.003289474
370,19633,0.03260751679563555,-3.479498232075913,-3.4464619818675484,-2.8962467223391855,-0.5832515097367278,0.001186616,0.547223625,0.010313262,0.0338,0.041,0.005608593,0.007200000000000005,0.005299999999999999,-0.0016133050000000006,0.003278689
371,19634,0.04801913016171386,-3.493579301687392,-3.4483153046392254,-2.9264728420228114,-0.5671064596645803,0.003887264,0.525591454,0.00895473,0.0352,0.0417,0.001885248,0.006499999999999999,0.0050000000000000044,0.001100317,0.003267974
372,19641,0.05256515947670135,-3.523326388280894,-3.471886477076132,-2.938883409321839,-0.5844429789590556,0.000369752,0.523675442,0.017783239,0.0354,0.0424,0.001192296,0.006999999999999999,0.004500000000000004,0.0066669730000000005,0.006514658
373,19642,0.0320090251274477,-3.5358311076703948,-3.50209416817512,-2.937364053339379,-0.5984670543310151,0.000878383,0.512206855,0.02050298,0.0348,0.0419,0.016690592,0.007100000000000002,0.004400000000000001,-0.002121123000000001,0.0
374,19643,0.028179414566613444,-3.5409593240373143,-3.510933556048667,-2.9355689547169472,-0.6053903693203669,0.00079533,0.486537121,0.020403146,0.0353,0.0421,0.007815608,0.0068000000000000005,0.003999999999999997,0.0032223619999999994,0.003236246
375,19644,0.006855717114502509,-3.5234150143864045,-3.5166666314682695,-2.9245785132977007,-0.5988365010887039,0.000751123,0.4872273,0.023095369,0.0384,0.0423,0.009025332,0.0039000000000000007,0.003699999999999995,0.0044131299999999995,0.003225807
376,19651,0.016863996352517487,-3.520112673677798,-3.5036123870902247,-2.9129079229185777,-0.6072047507592206,0.00070363,0.469489905,0.019134281,0.0393,0.0422,0.01083479,0.0029,0.003599999999999999,-0.0006166910000000008,0.003215434
377,19652,-0.02570300549218852,-3.472894129499897,-3.496855811513531,-2.8553296301059587,-0.6175644993939382,0.002325898,0.480858957,0.017551223,0.038,0.0423,0.010131891,0.004299999999999998,0.0039000000000000007,-0.008533181,0.003205128
378,19653,0.0646135269894296,-3.5210390042975073,-3.4539182280408913,-2.893935236054553,-0.6271037682429539,0.000928501,0.448537471,0.01689539,0.0392,0.0433,-0.00250591,0.0040999999999999995,0.0039000000000000007,0.002302822,0.009584665
379,19654,0.025417076905407242,-3.5258197209687805,-3.498733246783209,-2.879717904098889,-0.6461018168698913,0.000631164,0.430637806,0.020837519,0.0438,0.045,-0.011289309,0.0011999999999999997,0.0034000000000000002,-0.0047201299999999995,0.0
380,19661,-0.04020607523075496,-3.4687663782095144,-3.5040006735741405,-2.8159916529399567,-0.6527747252695579,0.001419878,0.490175936,0.01678818,0.0459,0.046,-0.006580144,9.999999999999593e-05,0.003999999999999997,-0.008390879,0.006329114
381,19662,-0.05384723870889503,-3.399311033543267,-3.450940594256914,-2.7421389554415994,-0.6571720781016673,0.002787947,0.520974601,0.017122956,0.045,0.0477,-0.01374337,0.002700000000000001,0.0051,0.01543608,0.009433962
382,19663,-0.10422285512239358,-3.2768182450203582,-3.378331243074072,-2.6315101239798757,-0.6453081210404822,0.00577933,0.585492496,0.016984459,0.0537,0.048,0.008171991,-0.005699999999999997,0.006000000000000005,-0.036094651,0.009345794
383,19664,0.04750053007629998,-3.3318311204141913,-3.283762717373169,-2.672345222427378,-0.6594858979868133,0.003948135,0.576945106,0.01720763,0.0496,0.0455,0.049279024,-0.0040999999999999995,0.007899999999999997,-0.004647862999999995,0.009259259
384,19671,0.11069753752956091,-3.4373186900761494,-3.3214324131932926,-2.806413818393425,-0.6309048716827245,0.001647028,0.549550798,0.014921235,0.0426,0.0455,0.012620261,0.0029,0.007200000000000005,0.023355986000000002,0.006116208
385,19672,0.001326800169835999,-3.4421848797273227,-3.4373186900761494,-2.8335443785419976,-0.6086405011853248,0.002798169,0.553204845,0.010152824,0.0354,0.0507,-0.063060451,0.015300000000000001,0.007100000000000002,0.009161519000000007,0.003039514
386,19673,0.061222071043305536,-3.5001331934486815,-3.4353120004395605,-2.904009989170796,-0.5961232042778858,0.000873609,0.513564846,0.005599816,0.0442,0.0517,-0.002056457,0.0075,0.0075,0.01488552,0.009090909
387,19674,-0.0035095680974933045,-3.497648462902272,-3.5001331934486815,-2.895880841004709,-0.6017676218975627,0.001670584,0.525792445,0.01436111,0.0497,0.0556,-0.040745267,0.0058999999999999955,0.007400000000000004,-0.0017830159999999984,0.009009009
388,19681,-0.0713855559026727,-3.4202242567168493,-3.487426908830734,-2.8082503662007268,-0.6119738905161228,0.002699245,0.566809807,0.012677246,0.0517,0.056,0.007568655,0.004299999999999998,0.007400000000000004,0.011878224,0.008928571
389,19682,0.09450287797402263,-3.5056879538114414,-3.406756039665983,-2.883566287274844,-0.6221216665365976,0.00249361,0.530741813,0.012090181,0.0552,0.0534,0.050720855,-0.001799999999999996,0.007900000000000004,-0.030407708000000002,0.01179941
390,19683,0.02443808612259061,-3.5229573417895956,-3.492398721692759,-2.8980960690957818,-0.624861272693814,0.001341254,0.509195439,0.018287123,0.0519,0.0531,0.018099698,0.0011999999999999997,0.008199999999999999,0.031709129,0.011661808
391,19684,0.005355801713542933,-3.521366276817067,-3.5098423997117676,-2.8921063637083733,-0.6292599131086942,0.000865344,0.504900662,0.031961447,0.0596,0.0598,-0.074602179,0.0001999999999999988,0.007800000000000001,0.013954734000000003,0.011527378
392,19691,-0.029456209434325156,-3.488755204305239,-3.511641726925072,-2.858857054052993,-0.6298981502522459,0.001743998,0.557040236,0.039508004,0.0602,0.062,-0.015503007,0.001800000000000003,0.006599999999999995,-0.0067729450000000024,0.011396011
393,19692,-0.04431804216990848,-3.4409709034041898,-3.479124311244278,-2.817273111116116,-0.6236977922880739,0.001729547,0.596777334,0.04515276,0.0644,0.0623,0.012828105,-0.0020999999999999977,0.007199999999999998,0.0007465830000000003,0.016901409
394,19693,-0.05487796524905131,-3.386486531145586,-3.43460145511871,-2.7606329863196324,-0.6258535448259536,0.004115472,0.640888463,0.048391224,0.0709,0.0677,-0.052204716,-0.0032000000000000084,0.009099999999999997,0.026340339999999997,0.013850416
395,19694,-0.01679052860146444,-3.3718685107902746,-3.383316956384307,-2.768036855704809,-0.6038316550854652,0.002426414,0.651082013,0.034273783,0.0782,0.0687,0.004436121,-0.009500000000000008,0.009299999999999989,-0.052365316,0.013661202
396,19701,-0.03534265882716929,-3.341958497480081,-3.368708950499906,-2.7675806432176713,-0.5743778542624098,0.003089348,0.690326769,0.035841581,0.0663,0.0661,0.049292688,-0.00019999999999999185,0.007900000000000004,0.0007262779999999969,0.016172507
397,19702,-0.21890441273929434,-3.129735253077138,-3.338808888577185,-2.5782385895802196,-0.5514966634969183,0.012418442,0.793381417,0.042290748,0.0668,0.0709,-0.041754884,0.004100000000000006,0.0076999999999999985,0.0009582949999999979,0.0132626
398,19703,0.1390600964579824,-3.2732927622451475,-3.12659553307247,-2.75434970395919,-0.5189430582859575,0.005071546,0.712914761,0.037942419,0.0612,0.068,0.053422008,0.006800000000000007,0.012999999999999998,0.027553559999999998,0.015706806
399,19704,0.0843510591614319,-3.3791948841956705,-3.289090879121739,-2.888312024933154,-0.49088285926251607,0.002464049,0.646426358,0.031461707,0.0487,0.0648,0.058372172,0.016099999999999996,0.014800000000000008,0.028861691999999994,0.010309278
400,19711,0.07830538353609398,-3.473642664704251,-3.3887949579246897,-2.9557679890008464,-0.5178746757034045,0.001485204,0.633811383,0.026398845,0.0338,0.0593,0.087836017,0.025500000000000002,0.012499999999999997,-0.047005093000000005,0.015306122
401,19712,-0.011224915112667645,-3.470763565476692,-3.4768632794042933,-2.9306923736142396,-0.5400711918624526,0.001771371,0.643221043,0.027278498,0.0475,0.0641,-0.04432378,0.016600000000000004,0.011099999999999999,0.015283016,0.005025126
402,19713,-0.013972565075477984,-3.4602597710741394,-3.4739945860581387,-2.896491728037949,-0.56376804303619,0.003493921,0.64608483,0.027934417,0.0469,0.0598,0.071666223,0.012900000000000002,0.01150000000000001,-0.029642889999999998,0.015
403,19714,0.03436323315109371,-3.5041772155818185,-3.4667533003846875,-2.8853886023404196,-0.6187886132413987,0.003711176,0.643900247,0.034023359,0.0401,0.0597,0.016373965,0.019600000000000006,0.011300000000000004,0.037803169,0.004926108
404,19721,0.04431303283296546,-3.553018687037596,-3.5041772155818185,-2.915115677772882,-0.6379030092647141,0.001323714,0.645901988,0.031723183,0.0373,0.0613,-0.005775485,0.024,0.009999999999999995,0.01555785,0.007352941
405,19722,-0.0030958423504400204,-3.5524588288537085,-3.553018687037596,-2.8873894630483035,-0.6650693658054049,0.001517795,0.654015479,0.034199389,0.0391,0.0607,0.023079376,0.021599999999999994,0.0097,-0.010157353999999999,0.00729927
406,19723,0.0293432499850491,-3.580538310317972,-3.5492067934673313,-2.8906431651444042,-0.689895145173568,0.001656198,0.637385001,0.032869775,0.0466,0.0606,0.01605877,0.013999999999999999,0.0087,-0.002705483,0.007246377
407,19724,0.06373521028031377,-3.62370581069398,-3.558065454465914,-2.911690145829652,-0.7120156648643281,0.001863895,0.595674595,0.034203484,0.0507,0.0599,0.02256333,0.0092,0.008499999999999994,0.012274059000000004,0.009592326
408,19731,-0.06397321740219426,-3.5604723591230245,-3.617376675642333,-2.797281334830153,-0.7631910242928718,0.003337763,0.676018128,0.036706149,0.0609,0.0686,-0.022797049,0.007699999999999992,0.00739999999999999,0.024170623,0.009501188
409,19732,-0.0727236763709034,-3.477506419783643,-3.5448225874558967,-2.6686487431692867,-0.8088576766143564,0.006759664,0.720974308,0.039013398,0.0719,0.071,-0.008035809,-0.0009000000000000119,0.007599999999999996,0.004599832,0.018823529
410,19733,0.03257150255610517,-3.5013148185749285,-3.462097794430798,-2.646184019966538,-0.8551307986083906,0.003898455,0.678808996,0.034361226,0.0829,0.0703,0.025719572,-0.0126,0.009999999999999995,-0.004301658,0.020785219
411,19734,-0.11310706764493535,-3.362489357574193,-3.468229093989163,-2.4811208980931045,-0.8813684594810883,0.011072831,0.755588463,0.013007395,0.0745,0.0726,-0.005416464,-0.001899999999999999,0.008000000000000007,-0.0023452379999999995,0.022624434
412,19741,-0.04873581902978033,-3.307610522289363,-3.3448935956838133,-2.4196235665780597,-0.8879869557113031,0.006981114,0.815184013,0.010399936,0.0796,0.0783,-0.039568222,-0.0013000000000000095,0.006099999999999994,0.004598678000000002,0.022123894
413,19742,-0.09699285828010894,-3.2015843277581397,-3.2903190251793015,-2.286437106586064,-0.9151472211720761,0.006128292,0.860158772,0.00802817,0.079,0.0812,-0.00887109,0.0021999999999999936,0.008000000000000007,-0.042904156,0.034632035
414,19743,-0.3102631595659741,-2.8735174263411825,-3.1761950937533205,-1.9422969175695033,-0.9312205087716794,0.017520255,1.135440144,0.005137479,0.0806,0.0837,-0.001975728,0.0030999999999999917,0.009400000000000006,-0.028782413,0.025104603
415,19744,0.07088215426302946,-2.94677542882746,-2.8707357833793057,-2.042782224763711,-0.903993204063749,0.017413175,1.120018175,0.008771574,0.0715,0.076,0.098307858,0.004500000000000004,0.0174,-0.005331673999999995,0.032653061
416,19751,0.18560923407331759,-3.122976915938578,-2.9275176122230455,-2.2890021366359745,-0.8339747793026036,0.008598853,0.972466315,0.02046695,0.0549,0.0824,0.00823636,0.027500000000000004,0.018100000000000005,0.039349482000000005,0.0256917
417,19752,0.12563369992197274,-3.2448430176438703,-3.112136701385713,-2.481445894406922,-0.7633971232369479,0.005474305,0.84983902,0.022961696,0.0534,0.0813,0.031890494,0.027899999999999994,0.018500000000000003,0.004016869999999999,0.015414258
418,19753,-0.1299480478239395,-3.1182361043769764,-3.2448430176438703,-2.380285646801193,-0.7379504575757836,0.005892165,0.940948254,0.027919523,0.0642,0.0862,-0.02508952,0.022000000000000006,0.016600000000000004,-0.007700342000000002,0.017077799
419,19754,0.06868181744040845,-3.1990058039967773,-3.1263552288154806,-2.427489556321325,-0.7715162476754521,0.004298067,0.876338851,0.023711966,0.0544,0.0805,0.076489458,0.026100000000000005,0.017699999999999994,0.015757693000000003,0.018656716
420,19761,0.12387979579729708,-3.326867023584546,-3.196292098125181,-2.473778759062638,-0.853088264521908,0.004465438,0.784031217,0.015072131,0.05,0.0792,0.032109046,0.029200000000000004,0.016,0.010023378999999999,0.016483517
421,19762,0.011706278486678871,-3.322660631663498,-3.308074524235179,-2.422456037540967,-0.9002045941225307,0.002915184,0.781427631,0.018925031,0.0541,0.0807,0.006479768,0.02659999999999999,0.012700000000000003,-0.0034410860000000003,0.007207207
422,19763,0.006074718393243002,-3.308170307872399,-3.2990064407656083,-2.399702301679453,-0.9084680061929461,0.002122363,0.791363274,0.023782657,0.0508,0.0781,0.043986016,0.027300000000000005,0.0102,0.011698521999999996,0.016100179
423,19764,0.017485022639571857,-3.2784018041822276,-3.257526575053644,-2.383574336958779,-0.894827467223449,0.002964146,0.779973125,0.028566554,0.0435,0.0721,0.076677282,0.0286,0.011400000000000007,-0.0014964029999999934,0.014084507
424,19771,-0.09189155263698721,-3.1565433015037856,-3.244417951366629,-2.2786907727946097,-0.8778525287091762,0.001696038,0.868429928,0.030338357,0.046,0.0772,-0.03480582,0.031200000000000006,0.0102,0.011663370000000003,0.010416667
425,19772,0.021315709879116646,-3.1374866453589454,-3.116771978076889,-2.2662316663946678,-0.8712549789642778,0.002183018,0.871112081,0.0319411,0.0502,0.0754,0.036411646,0.025199999999999993,0.009599999999999997,0.0021567089999999997,0.02233677
426,19773,-0.040219755816711805,-3.0657764440842494,-3.1058813059436146,-2.198675956400866,-0.8671004876833834,0.001640351,0.942262516,0.032367587,0.0581,0.0764,0.009724682,0.018299999999999997,0.008799999999999988,0.0011397130000000005,0.020168067
427,19774,-0.013715407328324793,-3.0137698978705387,-3.028694769179718,-2.1670840326064753,-0.8466858652640632,0.002740347,0.960333025,0.030475399,0.0607,0.0803,-0.016885037,0.0196,0.007999999999999993,0.008637949999999998,0.011532125
428,19781,-0.06680494790507556,-2.9223772230118468,-2.9863130516374996,-2.1003971706089333,-0.8219800524029137,0.002200802,1.111492553,0.027569598,0.0629,0.0831,-0.009687233,0.020199999999999996,0.007500000000000007,0.010025692,0.011400652
429,19782,0.06707456774097802,-2.9681663924754877,-2.899719199119263,-2.140851565531565,-0.8273148269439227,0.00385365,1.027901581,0.016523465,0.0673,0.0865,-0.012458058,0.019199999999999995,0.008400000000000005,0.0016528250000000001,0.020933978
430,19783,0.06771861121034708,-3.0168230326519168,-2.9460104005782792,-2.1818374251499693,-0.8349856075019475,0.002800145,0.972257513,0.012703906,0.0785,0.086,0.025425776,0.007499999999999993,0.007300000000000001,0.005660708,0.028391167
431,19784,-0.06761407984096926,-2.942152551232101,-3.0069121487524626,-2.0534580516589402,-0.8886944995731612,0.006946542,1.045701296,0.014850552,0.0908,0.0898,-0.014458786,-0.0010000000000000009,0.007800000000000001,-0.006117830999999999,0.01993865
432,19791,0.049084501718536885,-2.9722864795160717,-2.9168347432478114,-2.0331810698757455,-0.9391054096403265,0.002615927,1.033078939,0.011670308,0.0948,0.0902,0.018311064,-0.004599999999999993,0.008899999999999991,-0.0022897199999999986,0.018045113
433,19792,0.004299261587866508,-2.958629166875897,-2.94571945213135,-1.9962270830423359,-0.9624020838335607,0.002142543,1.057863607,0.012068377,0.0906,0.0877,0.046161979,-0.0029,0.010900000000000007,-0.0013102879999999997,0.031019202
434,19793,0.04999724456217477,-2.987714737895044,-2.927290196683177,-2.011205146027834,-0.97650959186721,0.002447231,1.013794987,0.009403924,0.1026,0.0927,-0.024024213,-0.009899999999999992,0.010999999999999996,0.003667135999999998,0.035816619
435,19794,-0.020599871779814503,-2.949919972032147,-2.9626238159015177,-1.9829024779008835,-0.9670174941312634,0.004617322,1.061950068,0.010514465,0.1204,0.1012,-0.050232518,-0.019199999999999995,0.013200000000000003,-0.028600503000000006,0.031811895
436,19801,-0.0658233845057625,-2.8679968596285503,-2.923717599638123,-1.8986557572399532,-0.9693411023885973,0.008425918,1.093732103,0.011877445,0.152,0.1239,-0.145143335,-0.0281,0.014899999999999997,0.013018192000000012,0.028150134
437,19802,0.09522440069318462,-2.9565923652167205,-2.8441456438063706,-2.034259318886603,-0.9223330463301176,0.005626351,0.990183427,0.015304387,0.0707,0.1006,0.243682241,0.029899999999999996,0.021299999999999986,-0.001412119999999989,0.044328553
438,19803,0.06959543788422912,-3.0286283775971903,-2.9349428935198674,-2.1482294741354315,-0.8803989034617586,0.005728395,0.921687652,0.023796039,0.1027,0.1185,-0.112618596,0.015799999999999995,0.01680000000000001,0.005453781000000005,0.032459426
439,19804,0.07329756577901614,-3.0928118433805425,-3.0139102051231688,-2.21491100105803,-0.8779008423225124,0.007561244,0.891503024,0.026816375,0.1549,0.1199,0.018053982,-0.035,0.01930000000000001,-0.007833841999999999,0.015719468
440,19811,-0.011075192438970132,-3.075284905255945,-3.0735186404458634,-2.23300415915554,-0.8422807461004047,0.005204288,0.924920557,0.027939298,0.1336,0.1248,-0.01819254,-0.008800000000000002,0.020100000000000007,0.008512226,0.027380952
441,19812,-0.060183583441091405,-3.022064824728181,-3.0579206173466087,-2.168082447472254,-0.8539823772559272,0.002749233,0.950474982,0.027893436,0.1473,0.1304,-0.010850447,-0.0169,0.02049999999999999,-0.008875647,0.025492468
442,19813,-0.14106647565508246,-2.8802663366258248,-3.001924717179063,-2.0292505933338454,-0.8510157432919795,0.005689101,1.092378644,0.02148337,0.147,0.1482,-0.085985627,0.0012000000000000066,0.01429999999999998,-0.0029296830000000024,0.023728814
443,19814,0.030101196424021953,-2.9169143057763502,-2.8635359083666154,-2.0767523822545955,-0.840161923521755,0.004488053,1.061142857,0.011909646,0.1085,0.1334,0.147491411,0.02489999999999999,0.0232,-0.030843602999999983,0.028697572
444,19821,-0.11016298909286414,-2.8130535101121947,-2.9034309554390636,-2.0228390363675453,-0.7902144737446494,0.006235391,1.185750574,0.005548433,0.1268,0.1387,0.046512334,0.011899999999999994,0.022399999999999975,0.002532849999999996,0.008583691
445,19822,-0.031907491231408666,-2.778536491066211,-2.799749544485832,-2.045801557525043,-0.7327349335411681,0.003591929,1.201581417,0.00121303,0.1247,0.1412,0.017616382,0.016499999999999987,0.02109999999999998,-0.008055477,0.005319149
446,19823,0.07874345346847322,-2.866736979762168,-2.772679958953498,-2.183861349524052,-0.6828756302381156,0.009505811,1.088535565,0.000550709,0.0792,0.1183,0.202077382,0.039099999999999996,0.026900000000000007,0.011302711999999993,0.026455027
447,19824,0.1385682433053912,-3.019039327702609,-2.863821525802044,-2.4093370452181553,-0.6097022824844534,0.014107796,0.932214727,0.002990053,0.0794,0.1095,0.096358764,0.030100000000000002,0.023099999999999996,0.013020102000000006,0.009278351
448,19831,0.07534085800065028,-3.0972068115235127,-3.013233796157288,-2.5108683727977583,-0.5863384387257541,0.00676432,0.780067786,0.005993542,0.0835,0.1083,0.007221991,0.02479999999999999,0.018799999999999997,0.033213272,-0.003064351
449,19832,0.08393348396536476,-3.1873167525262542,-3.092874674784378,-2.5917156789887117,-0.5956010735375425,0.003907513,0.721382042,0.015826551,0.0879,0.1119,-0.001070309,0.023999999999999994,0.01630000000000001,0.016999915999999997,0.003073771
450,19833,-0.02265048218803218,-3.1664992371633485,-3.178708377989654,-2.5246453509909537,-0.6418538861723948,0.004719163,0.714847583,0.023178393,0.09,0.1157,0.001444591,0.0257,0.011800000000000005,-0.004469417,0.016343207
451,19834,-0.017131161954960446,-3.146835800916025,-3.1537240456746254,-2.4643232473456913,-0.6825125535703335,0.002479773,0.700359118,0.027056897,0.09,0.1197,-0.001070225,0.029700000000000004,0.011800000000000005,0.009396232,0.012060302
452,19841,-0.043635724204858645,-3.0987362543175707,-3.1342217583999283,-2.3448006115213924,-0.7539356427961782,0.00416867,0.762475427,0.024104936,0.0952,0.1253,-0.009530505,0.030099999999999988,0.01419999999999999,-0.004853282,0.005958292
453,19842,-0.04740912191492477,-3.0423704267197604,-3.080792363616016,-2.246602458243109,-0.7957679684766513,0.003644341,0.784351819,0.001304065,0.0987,0.1374,-0.047481573,0.0387,0.014999999999999986,0.011034739000000002,0.012833169
454,19843,0.06910819009634468,-3.113816378006868,-3.0328400618690665,-2.3055998676621354,-0.8082165103447324,0.004935717,0.736050915,-0.009492547,0.1037,0.1235,0.135286204,0.019799999999999998,0.0169,-0.009926674999999996,0.010721248
455,19844,-0.0057048631011752116,-3.100534864676562,-3.093694974807447,-2.307620471095302,-0.7929143935812604,0.003502243,0.733098377,-0.027196787,0.0806,0.117,0.078285894,0.0364,0.012700000000000003,0.015145788000000007,0.012536162
456,19851,0.06189258092757772,-3.1606048279691974,-3.0834179227358645,-2.399945418965959,-0.7606594090032385,0.003183403,0.723645779,-0.024815769,0.0852,0.1181,0.015554358,0.0329,0.011300000000000004,-0.0037742270000000015,0.002857143
457,19852,0.05312724999993189,-3.2103121290913257,-3.1502151241200615,-2.5088020821656207,-0.7015100469257048,0.002035261,0.686430144,-0.026607514,0.0695,0.1055,0.13181507,0.03599999999999999,0.014600000000000002,-0.00854144400000001,0.010446344
458,19853,-0.06471017280219561,-3.14520731657565,-3.197474982330645,-2.4811789840308958,-0.664028332544754,0.002214168,0.68995883,-0.031294354,0.071,0.1082,0.005318189,0.03720000000000001,0.014099999999999988,0.015463667,0.011278196
459,19854,0.1433197765638028,-3.286321508515901,-3.1375833914649904,-2.6714780422262687,-0.6148434662896322,0.003084908,0.592692688,-0.019465082,0.071,0.0956,0.133426696,0.02460000000000001,0.014200000000000004,-0.012073995000000018,0.006505576
460,19861,0.11516799530049025,-3.394106632453341,-3.2712458461104537,-2.8005180449351137,-0.593588587518227,0.004383183,0.519627628,-0.016419622,0.0656,0.0766,0.197315709,0.010999999999999996,0.015,-0.08962832600000001,0.00923361
461,19862,0.03843887877552353,-3.432951223996427,-3.384180992653371,-2.836287751061474,-0.5966634729349531,0.005425395,0.499281457,-0.012293237,0.0621,0.079,-0.000357285,0.0169,0.0121,0.007007833,-0.004574565
462,19863,-0.09066448237575922,-3.336016018601039,-3.4170292709858416,-2.7458021680413087,-0.5902138505597301,0.007883792,0.534629267,-0.00513866,0.0521,0.0827,-0.013366974,0.030599999999999995,0.013099999999999987,0.032302412,0.006433824
463,19864,0.03626486400496612,-3.375796990475242,-3.329959064892849,-2.81687157191484,-0.5589254185604021,0.003983793,0.498430866,-0.011375999,0.0553,0.0789,0.054470161,0.023599999999999996,0.014799999999999994,0.0003691009999999967,0.006392694
464,19871,0.18077701424043985,-3.5546626605030203,-3.3685767425017548,-2.961031133052797,-0.5936315274502232,0.005861569,0.428040214,-0.00221743,0.0559,0.0795,0.013508478,0.023600000000000003,0.012500000000000011,0.005077332,0.002722323
465,19872,0.0351936192508911,-3.5746113605649974,-3.5333095360324513,-3.048411569549419,-0.5261997910155787,0.007753561,0.407892397,0.005202462,0.0567,0.0877,-0.048064923,0.031,0.011999999999999997,0.007571309000000005,0.014479638
466,19873,0.05094077051122519,-3.6153087332446687,-3.558312978831878,-3.0102232396123108,-0.605085493632358,0.005129119,0.379966722,0.006350332,0.064,0.0992,-0.069651468,0.035199999999999995,0.011300000000000004,0.008955631999999991,0.012488849
467,19874,-0.2712635623163369,-3.33382473087961,-3.5981360158709244,-2.64751128989823,-0.6863134409813801,0.084582781,0.508812016,0.013274756,0.0577,0.092,0.083823313,0.0343,0.011800000000000005,0.002563713000000009,0.013215859
468,19881,0.04097274252728216,-3.3647497287730466,-3.3180586385409345,-2.633779459326458,-0.7309702694465887,0.012784053,0.507529954,0.00608003,0.057,0.0901,0.039231428,0.0331,0.011800000000000005,0.006937219000000001,0.003478261
469,19882,0.050693594086717114,-3.388842573347275,-3.33394421254505,-2.535372806313768,-0.853469767033507,0.008376642,0.471118872,-0.005397921,0.0646,0.0917,0.009805046,0.0271,0.011400000000000007,0.0068023630000000005,0.009532062
470,19883,-0.009793936024073635,-3.358398746125625,-3.364229238798249,-2.48178549132496,-0.8766132548006649,0.004493678,0.477540454,-0.010001514,0.0724,0.0917,0.022811598,0.019299999999999998,0.010800000000000004,0.003840688000000002,0.012875537
471,19884,0.014438777490380254,-3.349346126875317,-3.3282038441796566,-2.4590308814044226,-0.8903152454708944,0.00360765,0.465283574,-0.021405747,0.0807,0.0918,0.02171288,0.011100000000000013,0.010800000000000004,-0.007835489000000001,0.015254237
472,19891,0.049297555034269774,-3.382850092809301,-3.3229289234477264,-2.469260037745421,-0.9135900550638805,0.003427104,0.468691414,-0.023102134,0.0882,0.0929,0.014261477,0.004699999999999996,0.0087,-0.000777004999999999,0.005843072
473,19892,0.0650164998005483,-3.4232643481106444,-3.347810441636729,-2.5343511571837896,-0.8889131909268545,0.00345817,0.440562937,-0.023948071,0.0815,0.0821,0.114752658,0.0006000000000000033,0.009300000000000003,-0.012875101,0.014937759
474,19893,0.08006236631078444,-3.482085355537407,-3.388572213965926,-2.69044861112135,-0.791636744416057,0.002949468,0.39920975,-0.025747099,0.0775,0.0847,-0.000821581,0.007199999999999998,0.008999999999999994,0.00603628,0.014717907
475,19894,-0.0014168228938449753,-3.4647177455761864,-3.4526188149826345,-2.7377745518509062,-0.7269431937252803,0.007404142,0.390454744,-0.012333537,0.0763,0.0816,0.045368023,0.005299999999999999,0.009599999999999997,-0.009953946999999998,0.007252216
476,19901,-0.049715544304592435,-3.4023747527288735,-3.441206181165264,-2.752840315900938,-0.6495344368279357,0.004932871,0.471333956,-0.01029144,0.079,0.0889,-0.040952707,0.009900000000000006,0.00839999999999999,0.019597932,0.0088
477,19902,0.04247957539896445,-3.4241674130531328,-3.3723476937402928,-2.8237614778482434,-0.600405935204889,0.00367905,0.442949432,-0.000507275,0.0773,0.0864,0.043932319,0.00910000000000001,0.009599999999999997,-0.0032645129999999967,0.020618557
478,19903,-0.16941083934782525,-3.252771743042577,-3.4096121065075433,-2.6445946056040155,-0.6081771374385612,0.009111018,0.520289666,0.001372877,0.0736,0.0914,-0.020318616,0.017799999999999996,0.01079999999999999,0.009945166000000002,0.009324009
479,19904,0.06742090013573754,-3.3077113410643197,-3.231700729357712,-2.739175853130079,-0.5685354879342405,0.007727252,0.48449686,-0.001845908,0.0674,0.0844,0.082434252,0.017,0.013800000000000007,-0.022955378999999998,0.021555042
480,19911,0.1189674408930349,-3.433480963050464,-3.3057275414386855,-2.885851315173074,-0.5476296478773899,0.006999951,0.4571256,0.003251396,0.0591,0.0844,0.019899948,0.025300000000000003,0.0116,0.018476192000000002,0.008289375
481,19912,-0.018827952659758656,-3.419551010766845,-3.4304302948973313,-2.9508448393040596,-0.46870617146278515,0.004837834,0.458243743,0.014247489,0.0557,0.086,0.0076118,0.030299999999999994,0.009499999999999995,0.008310063000000001,0.00896861
482,19913,0.03740864544579356,-3.4530797760875105,-3.409068562804394,-3.080323027725431,-0.37275674836207895,0.003617664,0.441531837,0.023289044,0.0522,0.079,0.082055884,0.026799999999999997,0.009000000000000008,-0.009086367999999997,0.007407407
483,19914,0.06653140236343366,-3.5316202026998593,-3.4589626266183924,-3.2625900636226404,-0.2690301390772187,0.005224232,0.420344417,0.031812384,0.0407,0.073,0.072537013,0.032299999999999995,0.009500000000000008,-0.013339805999999996,0.008823529
484,19921,-0.03836308278043771,-3.489098675948213,-3.52175344511514,-3.2162534889930905,-0.27284518695512233,0.002255428,0.402106034,0.041900538,0.0404,0.0797,-0.036607067,0.039299999999999995,0.008999999999999994,0.021498409,0.005102041
485,19922,0.007782863196293708,-3.500386294695566,-3.4894232985772606,-3.1754600490714138,-0.3249262456241521,0.003103992,0.392042354,0.04307656,0.0366,0.0765,0.046457658,0.0399,0.008300000000000002,-0.0033951839999999955,0.010152284
486,19923,0.020505173420347418,-3.517709683635312,-3.494317087313786,-3.142411334487988,-0.3752983491473237,0.002139252,0.397656972,0.041137782,0.0291,0.071,0.066131843,0.04189999999999999,0.006999999999999992,-0.015757878999999995,0.006460876
487,19924,0.04220295191065938,-3.560490821490873,-3.5185167861811424,-3.1278122466945395,-0.4326785747963335,0.001923792,0.394109614,0.038828688,0.0322,0.0726,0.005317233,0.0404,0.008300000000000002,0.008474313,0.007845934
488,19931,0.03442265466574968,-3.5889045931665424,-3.5529296529064784,-3.125251722835533,-0.46365287033100955,0.002500472,0.333613526,0.037106414,0.0295,0.0702,0.066626422,0.0407,0.005699999999999997,-0.012758322000000002,0.004246285
489,19932,-0.0034622089441184037,-3.5828577139241093,-3.5853848711103646,-3.1487663742857652,-0.4340913396383441,0.002395945,0.325931248,0.041154021,0.0307,0.0668,0.057369669,0.03609999999999999,0.00739999999999999,-0.020648003999999998,0.011980268
490,19933,0.01718505731157058,-3.6016502027062587,-3.5831771772284795,-3.1128727161620304,-0.4887774865442282,0.001361206,0.322351822,0.041840711,0.0295,0.0627,0.063860605,0.03320000000000001,0.0068000000000000005,-0.020405961,0.005571031
491,19934,0.015917233812164814,-3.6132810843419514,-3.5970279439187656,-3.059120921872198,-0.5541601624697531,0.001160261,0.305267223,0.04572687,0.0306,0.0654,-0.014581737,0.0348,0.007599999999999996,0.007393425000000001,0.004847645
492,19941,-0.0464307069705093,-3.5576501012139685,-3.6029978106845726,-2.9769977678188986,-0.5806523333950698,0.002341667,0.307483805,0.041905088,0.035,0.0725,-0.059148468,0.03749999999999999,0.006499999999999992,0.012214595000000002,0.004824259
493,19942,-0.00378162852546116,-3.5442566713944177,-3.547627309613262,-2.869588491200144,-0.6746681801942738,0.002921304,0.308417077,0.033995564,0.0414,0.0774,-0.03284623,0.036,0.0068000000000000005,0.009034672999999997,0.009602195
494,19943,0.03975643465605458,-3.5780918384121305,-3.537423816174467,-2.829115508015208,-0.7489763303969222,0.001689563,0.290904659,0.029003295,0.0462,0.08,-0.006618717,0.033800000000000004,0.006400000000000003,0.0070887649999999995,0.005434783
495,19944,-0.01000389038118402,-3.5516967566569098,-3.559158992199995,-2.7086382634537642,-0.8430584932031455,0.00269975,0.2915683,0.016594293,0.056,0.0799,0.020249244,0.023899999999999998,0.006400000000000003,-0.007808625,0.00945946
496,19951,0.0815740600392596,-3.638085575420416,-3.5516967566569098,-2.7332497225210277,-0.9048358528993884,0.001246097,0.313876542,0.014388598,0.0573,0.0755,0.06640024,0.0182,0.0058,-0.0011356210000000033,0.002008032
497,19952,0.07797327064155603,-3.707986958217972,-3.623687075568849,-2.7613986964742967,-0.9465882617436754,0.001965127,0.286429618,0.008274919,0.0547,0.067,0.112486668,0.012300000000000005,0.006000000000000005,-0.022236954000000003,0.011356045
498,19953,0.06337151802307547,-3.7623729254775635,-3.69209710800473,-2.8101250519881504,-0.952247873489413,0.001361411,0.272494998,0.006379353,0.0528,0.0663,0.024015582,0.013499999999999998,0.006099999999999994,0.002537860999999999,0.007265522
499,19954,0.04368982150817086,-3.7993346720581638,-3.7468041426429437,-2.897949959269636,-0.9013847127885276,0.001854517,0.255026383,0.015526517,0.0514,0.0603,0.083728932,0.008899999999999998,0.006699999999999998,-0.016797464000000012,0.004590164
500,19961,0.040730290355035545,-3.8235667651911283,-3.7766748756172137,-2.942488906581524,-0.8810778586096043,0.004393302,0.239299615,0.016891913,0.0496,0.0684,-0.069310586,0.018800000000000004,0.0068000000000000005,0.020825744999999993,0.001958225
501,19962,0.03131431528125881,-3.849847928441131,-3.8116555696390657,-2.955444247971818,-0.8944036804693132,0.002501933,0.236443725,0.027216174,0.0509,0.0703,-0.001953661,0.0194,0.006900000000000003,0.0033789230000000003,0.014332248
502,19963,0.01842670923805728,-3.847389917171492,-3.822822058551359,-2.9492664892527856,-0.8981234279187061,0.004162912,0.227297318,0.029580737,0.0509,0.0704,0.016523354,0.019500000000000003,0.006900000000000003,0.0032140649999999986,0.006422608
503,19964,0.06746412795330428,-3.906355589926097,-3.8314913311036936,-2.951035193004638,-0.9553203969214586,0.003019465,0.20734273,0.024125687,0.0491,0.0673,0.049348938,0.0182,0.006900000000000003,-0.005777807000000003,0.007019783
504,19971,0.0134278536957592,-3.917545942245285,-3.8956738674266167,-2.9346602355584834,-0.9828857066868015,0.004836335,0.214780202,0.021148543,0.0514,0.0723,-0.032417371,0.020900000000000002,0.0063,0.010309704,0.005069709
505,19972,0.14907496980878118,-4.067019483487831,-3.9107954202505226,-3.083210044025854,-0.9838094394619773,0.006987,0.184287615,0.010846707,0.0493,0.0688,0.055638573,0.019500000000000003,0.006099999999999994,-0.004915208999999997,0.008827238
506,19973,0.06049248504968025,-4.123587351568449,-4.055738456133024,-3.148841916752475,-0.9747454348159742,0.007101431,0.177967857,0.014634266,0.0495,0.0649,0.061429312,0.015399999999999997,0.005500000000000005,-0.010674270999999999,0.001875
507,19974,0.016883798671422756,-4.137092815433343,-4.112948263217503,-3.195884433061569,-0.941208382371774,0.014275306,0.178800884,0.015559471,0.0516,0.0602,0.068713726,0.008599999999999997,0.005600000000000008,-0.022541712000000005,0.005614473
508,19981,0.11917034020749966,-4.254759432029992,-4.127843600546437,-3.3273422859796256,-0.9274171460503663,0.004658976,0.181140396,0.016488861,0.0503,0.0602,0.01518764,0.009899999999999999,0.006000000000000005,0.0016521339999999978,0.000620347
509,19982,0.020715327529374505,-4.263906551627796,-4.235196274491243,-3.370573261508032,-0.8933332901197643,0.004670931,0.178060606,0.024010577,0.0498,0.0576,0.044122639,0.007800000000000001,0.006000000000000005,-0.010280111000000001,0.005579665
510,19983,-0.11585844120644755,-4.143135709666517,-4.251878861683258,-3.284670448351396,-0.8584652613151204,0.02153311,0.203248404,0.024082909,0.0461,0.0517,0.083485403,0.005600000000000001,0.006900000000000003,-0.038801010999999996,0.004932183
511,19984,0.182959384023556,-4.329440683453012,-4.139919676218616,-3.4842179248060394,-0.845222758646973,0.010395104,0.173611315,0.020057029,0.0439,0.0542,-0.015472063,0.010299999999999997,0.010100000000000005,0.02396655,0.003680982
512,19991,0.036232765306357675,-4.359314892167222,-4.313878550986284,-3.5120430866776893,-0.8472718054895327,0.010031351,0.172897171,0.020668122,0.0444,0.0592,-0.041296777,0.0148,0.00910000000000001,0.013197888000000001,0.001833741
513,19992,0.05552552902957694,-4.42433827787127,-4.359375687984488,-3.5104824144997897,-0.9138558633714801,0.008221521,0.154227447,0.018868581,0.0457,0.0627,-0.024110627,0.017000000000000008,0.00789999999999999,-0.011527809000000003,0.006711409
514,19993,-0.0752222003990242,-4.344860776589405,-4.412672637402817,-3.3734501767951914,-0.9714105997942136,0.00704597,0.163684498,0.020379679,0.0468,0.0646,-0.004668047,0.017800000000000003,0.00810000000000001,-3.156999999999986e-05,0.007272727
515,19994,0.13220597983818838,-4.477577782763453,-4.341800743601306,-3.4177709248506303,-1.0598068579128233,0.007379017,0.147167259,0.017888756,0.052,0.0682,-0.022679644,0.0162,0.006400000000000003,0.014745018999999998,0.01022864
516,20001,0.01378652037443231,-4.4931588523750365,-4.473392925816046,-3.381428512383017,-1.1117303399920193,0.014885082,0.149973562,0.01829139,0.0569,0.0618,0.088329651,0.004900000000000002,0.006900000000000003,-0.064229307,0.002382371
517,20002,-0.041684046426122695,-4.466838016020212,-4.496625060351523,-3.3327821553246055,-1.1340558606956064,0.015486928,0.156777962,0.007124213,0.0569,0.0622,0.011124841,0.005299999999999999,0.008099999999999996,-0.006833415,0.017231135
518,20003,-0.019782854837659077,-4.475927445490471,-4.488441833451369,-3.2865588382447224,-1.189368607245748,0.004704681,0.153789463,0.004468926,0.06,0.0612,0.025360271,0.0011999999999999997,0.007300000000000001,0.011026931,0.007009346
519,20004,-0.09405035216220023,-4.396214732140832,-4.480587457602359,-3.273576108869868,-1.122638623270964,0.014139872,0.151851504,-0.002261747,0.0577,0.0558,0.076740606,-0.001899999999999999,0.008099999999999996,-0.017987461000000003,0.007540603
520,20011,-0.1442126752137087,-4.285559929593664,-4.414699317490195,-3.240066951988588,-1.0454929776050763,0.014609023,0.133113551,-0.005213444,0.0442,0.0559,0.012064439,0.011699999999999995,0.008599999999999997,0.033949229,0.001727116
521,20012,0.04264758366223584,-4.357453946678575,-4.303691131611009,-3.5049964723523663,-0.8524574743262082,0.011470857,0.125209433,0.005040755,0.0349,0.059,-0.019451394,0.024099999999999996,0.00789999999999999,0.025183705,0.012643678
522,20013,-0.16966049903408267,-4.191928348979534,-4.354271460382291,-3.6046643309424833,-0.5872640180370503,0.012288728,0.148628588,0.008652734,0.0264,0.0542,0.067552254,0.0278,0.008599999999999997,-0.03128349400000001,0.010215664
523,20014,0.0955119353194898,-4.289641017873419,-4.191674187077035,-3.839447957505588,-0.4501930603678311,0.007237089,0.131217846,0.013464825,0.0169,0.0575,-0.021132636,0.040600000000000004,0.012800000000000006,0.03599437,0.001685393
524,20021,-0.003795781201420543,-4.289675359703147,-4.29027654379249,-3.8384418331394023,-0.4512335265637451,0.006766544,0.236833402,0.013759444,0.0179,0.0604,-0.019251299,0.0425,0.013000000000000012,0.019572337999999998,-0.00897364
525,20022,-0.14900982704616036,-4.1224897491626304,-4.270221820418093,-3.6113524338440746,-0.5111373153185561,0.010129335,0.266572502,0.02752277,0.017,0.0566,0.0620574,0.039599999999999996,0.013200000000000003,-0.017602242999999997,0.01188455
526,20023,-0.1896674053666121,-3.9435972312791616,-4.13756635862716,-3.3010140512739397,-0.6425831800052222,0.032118194,0.324555156,0.029299296,0.0163,0.048,0.123062937,0.031700000000000006,0.012499999999999997,-0.033222236,0.006152125
527,20024,0.0773578155994917,-4.002514281304905,-3.9263408183793467,-3.4622639528662376,-0.5402503284386678,0.018678249,0.295385896,0.025735981,0.0119,0.0484,0.007367745,0.0365,0.012399999999999994,0.017011892,0.006114508
528,20031,-0.03611350834934255,-3.9566012500092262,-3.9932257136866594,-3.331285316643828,-0.6253159333653983,0.013867812,0.286117701,0.024098595,0.0113,0.049,0.008154918,0.037700000000000004,0.010600000000000005,0.012172078999999999,-0.000552486
529,20032,0.14117182457928446,-4.099086369390221,-3.9602444662406024,-3.339527230353939,-0.7595591390362825,0.00729083,0.254488337,0.001261884,0.0092,0.0445,0.053525781,0.0353,0.012199999999999996,0.0022363850000000005,0.018242123
530,20033,0.023564494324261297,-4.095158170620028,-4.073375814538606,-3.250983129171457,-0.8441750414485711,0.004881161,0.246541783,0.007323401,0.0094,0.0523,-0.033174485,0.0429,0.010700000000000001,0.011918186999999997,-0.002714441
531,20034,0.11147443789128635,-4.158235764316678,-4.048109371189215,-3.1273434815794428,-1.0308922827372353,0.003220976,0.218739865,0.006946316,0.009,0.0515,-0.017453428,0.042499999999999996,0.009800000000000003,0.015936511,0.008165487
532,20041,0.015755951794513525,-4.134909089068663,-4.122139326646559,-3.0753695736171793,-1.059539515451484,0.003570794,0.281731466,0.012282038,0.0094,0.0474,0.056824134,0.038,0.007800000000000001,-0.007756645999999999,-0.004859611
533,20042,0.014883321920459675,-4.116251010338664,-4.103344190378332,-3.011493430974487,-1.104757579364177,0.002979323,0.279631603,0.014491427,0.0127,0.0532,-0.052269682,0.040499999999999994,0.0076999999999999985,0.0008896980000000013,0.016820402
534,20043,-0.02129777142396639,-4.063251594831171,-4.086538775672581,-2.9597633215243553,-1.103488273306816,0.00292563,0.289485302,0.009132256,0.0165,0.0488,0.065746128,0.0323,0.008100000000000003,0.0035728029999999994,0.012273212
535,20044,0.08462759944492028,-4.132525483451191,-4.048797256918652,-3.0300800678063418,-1.102445415644849,0.002815744,0.270619243,0.013001505,0.0219,0.0484,0.016430631,0.0265,0.0068000000000000005,0.005240419,0.001054296
536,20051,-0.024687833615110795,-4.066850129556806,-4.093041694905513,-2.9757650694477737,-1.0910850601090323,0.002515744,0.319856889,0.009097231,0.0274,0.0488,0.009494925,0.021400000000000002,0.006600000000000002,-0.006007536999999999,0.002106372
537,20052,0.00864092538800353,-4.04188099268636,-4.032824976125823,-2.935572391184396,-1.1063086015019636,0.003227428,0.326979057,0.00536566,0.0297,0.0429,0.08594521,0.0132,0.009000000000000001,-0.007789937999999996,0.015764582
538,20053,0.028689668835746876,-4.047098312956558,-4.016122421637329,-2.917050782327637,-1.1300475306289204,0.002006532,0.31789151,0.006716401,0.0342,0.0464,-0.030378724,0.012199999999999996,0.009000000000000001,-0.002238072000000004,0.006207967
539,20054,0.01432048992956798,-4.028717143725602,-4.012988750376629,-2.8834661768721572,-1.1452509668534454,0.002790883,0.313477957,0.003058886,0.0389,0.0461,0.014226663,0.007200000000000005,0.009500000000000008,-0.0026694170000000003,0.022107969
540,20061,0.032833251204402274,-4.040076156155596,-4.003471358500536,-2.8802060467566166,-1.1598701093989794,0.002169212,0.316009441,0.002151995,0.0451,0.0507,-0.042812503,0.005600000000000001,0.008800000000000002,0.005656872,-0.010060362
541,20062,-0.024828181931996172,-3.992613677199137,-4.011818721215423,-2.8362647591806898,-1.1563489180184474,0.004057787,0.31485029,-0.002195489,0.0479,0.0531,-0.014742967,0.005200000000000003,0.008899999999999998,-0.005807217999999999,0.015243902
542,20063,0.04434892136651097,-4.015277220726646,-3.9648837957513914,-2.833333125156399,-1.181944095570247,0.00243431,0.300593284,-0.009493486,0.0481,0.0484,0.068251725,0.00030000000000000165,0.009199999999999993,0.011813842000000005,0.015515516
543,20064,0.05199745022595046,-4.042989223647789,-3.9830980456913556,-2.8564885381941956,-1.1865006854535927,0.001400314,0.2816824,-0.015036779,0.0485,0.0491,0.004285388,0.0005999999999999964,0.009000000000000001,0.009254424,0.0
544,20071,-0.005397687010851928,-4.020574470715256,-4.018771119939832,-2.8383713954370484,-1.1822030752782071,0.003514865,0.269050014,-0.012486353,0.0494,0.0493,0.008125405,-0.00010000000000000286,0.009700000000000007,-0.008313554,-0.00542139
545,20072,0.04811771078457034,-4.050837513699606,-3.9944038845339307,-2.8737298176869617,-1.1771076960126448,0.002751156,0.24789561,-0.011064006,0.0461,0.0521,-0.020663803,0.005999999999999998,0.009100000000000004,0.0018745310000000022,0.017601586
546,20073,0.007795997244362602,-4.035874853055756,-4.020429511194173,-2.966512150102705,-1.069362702953051,0.009428702,0.239207437,-0.013015004,0.0389,0.0489,0.050123798,0.010000000000000002,0.0085,-0.024511094999999997,0.014609062
547,20074,-0.04264545045001608,-3.9693144296374907,-4.008309591023,-3.0995079980331997,-0.8698064316042907,0.009665044,0.250582973,-0.040637294,0.03,0.045,0.059942626,0.015,0.011600000000000006,-0.040326151,0.000662341
548,20081,-0.10812357462094692,-3.844497907501822,-3.948968937187555,-3.0865902938163385,-0.7579076136854833,0.0143951,0.254057567,-0.051831559,0.0126,0.0432,0.033983606,0.030600000000000002,0.0138,-0.045263745,0.007415224
549,20082,-0.033561533848695486,-3.7973002030683567,-3.8301152271866954,-3.2155610124344864,-0.5817391906338703,0.007969623,0.274491388,-0.047376886,0.0186,0.046,-0.023711689,0.0274,0.013899999999999996,-0.0011253830000000006,0.016625721
550,20083,-0.08497531855452732,-3.6993944355899635,-3.792366725390082,-3.234089218311848,-0.4653052172781155,0.031688363,0.287123548,-0.048922844,0.0113,0.0443,0.033081862,0.033,0.016599999999999997,-0.11840592999999999,0.024760219
551,20084,-0.2517674051368999,-3.4600680761373637,-3.715711773223158,-4.105981340622804,0.6459132644854401,0.114435487,0.354984225,-0.024498464,0.0003,0.0303,0.206889079,0.03,0.0338,0.02669817299999999,-0.000146242
552,20091,-0.11439952007685086,-3.376708686394564,-3.5007623795115053,-4.756238235173014,1.3795295487784502,0.042296684,0.446140845,-0.037427388,0.0021,0.0355,-0.060794013,0.0334,0.029199999999999997,-0.063562068,-0.039102673
553,20092,0.1456483389781876,-3.5812763173013256,-3.439587727895404,-4.807398800540686,1.226122483239361,0.017404707,0.401876406,-0.022097491,0.0018,0.0429,-0.080521631,0.0411,0.0189,0.162876297,0.011801473
554,20093,0.1413570956654557,-3.7893453698433657,-3.649713967250391,-4.43434213370493,0.6449967638615641,0.007861407,0.349521431,-1.43e-05,0.0012,0.0403,0.043084663,0.0391,0.011800000000000005,0.06776333500000001,0.014028555
555,20094,0.05843875122619677,-3.9074152177332095,-3.853981520671598,-3.0854621416193657,-0.8219530761138438,0.006832721,0.32553066,0.010594468,0.0005,0.0458,-0.055250988,0.0453,0.011100000000000006,0.033592834,0.001279597
556,20101,0.052489748899146475,-3.977602461048046,-3.930030097425223,-2.954546065333736,-1.02305639571431,0.004998357,0.38187817,0.013932077,0.0015,0.0458,0.011196423,0.0443,0.010000000000000009,0.006842468000000001,-9.26e-05
557,20102,-0.12278727164310738,-3.845280305272236,-3.9715488707265196,-2.7318191201622195,-1.1134611851100167,0.015493433,0.424176542,0.018775881,0.0012,0.0376,0.12333273,0.0364,0.013499999999999998,-0.039350632999999996,0.007788876
558,20103,0.10773564437334347,-3.9328750790996447,-3.831042623900155,-2.765115837653972,-1.1677592414456723,0.008390571,0.384305783,0.003337509,0.0015,0.0341,0.056375419,0.0326,0.011299999999999998,-0.006605286000000002,0.001534708
559,20104,0.10254558615004022,-4.013350585608876,-3.916193977163323,-2.7886516507658237,-1.2246989348430528,0.003650159,0.358100317,0.012611849,0.0014,0.0414,-0.082095956,0.04,0.010799999999999997,0.052684759,0.002174661
560,20111,0.05532125103738669,-4.035734025465327,-3.982932295851603,-2.7915249471788766,-1.2442090782864506,0.004276028,0.354269939,0.012476022,0.001,0.0429,-0.009116367,0.0419,0.009000000000000001,-0.0024627350000000006,0.003387673
561,20112,0.0006051220199348199,-3.9937095752144396,-3.9976317860488453,-2.7566037655678968,-1.2371058096465428,0.003865481,0.351570039,0.011733553,0.0004,0.0404,0.037202145,0.04,0.007600000000000003,-0.009042413999999999,0.019563918
562,20113,-0.14895802655667165,-3.805139018080491,-3.9597820046778214,-2.565550552797394,-1.2395884652830969,0.027968816,0.399922847,0.013049301,0.0001,0.0265,0.21173309,0.0264,0.011799999999999998,-0.07763286600000002,0.010090975
563,20114,0.11002345545379504,-3.8626498899186408,-3.756918228210585,-2.67162718087465,-1.1910227090439907,0.01784455,0.357232541,-0.006497331,0.0001,0.0248,0.020562702,0.0247,0.013199999999999996,0.002744084000000001,0.005170077
564,20121,0.11895356548303467,-3.9414330757686065,-3.82813420960848,-2.7668048605310736,-1.1746282152375327,0.002427104,0.346181967,-0.01377505,0.0008,0.029,-0.049017922,0.028200000000000003,0.012400000000000001,0.043164621,-0.005363856
565,20122,-0.027100926616560297,-3.87325868528687,-3.90669101900955,-2.7403996440170224,-1.132859041269847,0.006560864,0.355103885,-0.019043064,0.0009,0.0225,0.092763384,0.021599999999999998,0.0138,-0.025613618000000005,0.016484101
566,20123,0.06135973953241244,-3.885427095727564,-3.8293904877002705,-2.8127191482018485,-1.0727079475257153,0.003324603,0.340382954,-0.017424901,0.0011,0.0226,0.002873152,0.0215,0.013499999999999998,0.035210919,0.000374904
567,20124,-0.004439093630695264,-3.820838460356185,-3.8309401905655664,-2.802501817738017,-1.0183366426181675,0.003863889,0.349032443,-0.011549118,0.0007,0.0241,-0.007482353,0.0234,0.009800000000000003,0.012423328,0.008406035
568,20131,0.10058524133234216,-3.8890850495871354,-3.793532039876318,-2.8843929422629806,-1.004692107324155,0.002634064,0.346129997,-0.00891064,0.0009,0.0284,-0.028240973,0.0275,0.0092,0.004190006999999999,-0.007804431
569,20132,0.028418445905716436,-3.8771403711435743,-3.853778987272775,-2.871366320547786,-1.0057740505957882,0.004945977,0.338444358,0.000118709,0.0005,0.0329,-0.055194508,0.0324,0.0092,-0.001712960999999999,0.013815271
570,20133,0.05073212473906234,-3.8892984294043416,-3.8435033888226844,-2.880248040060333,-1.0090503893440086,0.002074712,0.333521485,0.010118701,0.0002,0.0342,-0.019116216,0.034,0.008300000000000002,0.016187224,0.003140399
571,20134,0.10107525885722046,-3.9669345744899545,-3.8723518021591627,-2.914885849773602,-1.0520487247163524,0.002828284,0.304408126,0.012143942,0.0007,0.0367,-0.031572267,0.036000000000000004,0.007600000000000003,0.044093271,0.002762265
572,20141,0.017433626050883805,-3.9451119639648295,-3.9322217379116644,-2.921310000077311,-1.0238019638875187,0.003426186,0.350616066,0.01641638,0.0005,0.0331,0.069299935,0.0326,0.0068000000000000005,-0.012331026999999994,-0.004697863
573,20142,0.04982510151490251,-3.959654538335201,-3.9137817105340074,-2.944923733647793,-1.0147308046874075,0.002199896,0.342928459,0.013885436,0.0004,0.0307,0.043888728,0.0303,0.005499999999999998,-0.006717726,0.013919819
574,20143,0.010782814791884745,-3.9364222204440087,-3.930288729548712,-2.9238889187701522,-1.012533301673856,0.002216347,0.338576181,0.007991443,0.0002,0.0295,0.025082554,0.0293,0.006900000000000003,-0.015129229,0.00867567
575,20144,0.048369277688934356,-3.9550705468323306,-3.912093991423653,-3.00191971869185,-0.9531508281404805,0.005087092,0.323755672,0.005625039,0.0003,0.024,0.090182282,0.0237,0.009499999999999995,-0.030957569000000004,-0.001309038
576,20151,0.010383720202766565,-3.9254304074028874,-3.9210735032613453,-3.0366421231569407,-0.8887882842459466,0.004760544,0.307454045,-0.006889459,0.0003,0.0223,0.028795949,0.022,0.009000000000000001,0.0031379539999999984,-0.013523449
577,20152,0.0018965630096650645,-3.9004620158873844,-3.9027762265546815,-3.0790407579145427,-0.8214212579728415,0.002513496,0.310186833,-0.008725336,0.0002,0.0261,-0.069095526,0.025900000000000003,0.009399999999999999,-0.0037977109999999953,0.005566155
578,20153,-0.06582180641134147,-3.810356747529059,-3.8822304896862447,-3.052979844387055,-0.7573769031420045,0.011060219,0.335611955,-0.013647475,0.0002,0.024,0.052133507,0.0238,0.012700000000000003,-0.021567007000000003,0.010668349
579,20154,0.06810236614351835,-3.8524516915073446,-3.789913184721787,-3.1621434220666678,-0.6903082694406765,0.005576151,0.313648814,-0.022261833,0.0023,0.0243,-0.013939666,0.022,0.014900000000000004,0.017943666,-0.00290398
580,20161,0.013029680087152974,-3.8489675666767003,-3.8412671231362276,-3.1708845085871027,-0.6780830580895976,0.008177015,0.327954791,-0.023715134,0.0029,0.0218,0.07807592,0.0189,0.0131,-0.004449134999999993,-0.005967766
581,20162,0.024154783984061554,-3.8545597106323206,-3.8357451316897375,-3.1841614637801423,-0.6703982468521783,0.004677741,0.323475362,-0.028684678,0.0027,0.0179,0.062025076,0.015199999999999998,0.010299999999999997,-0.007490094999999995,0.006794208
582,20163,0.036885536508010595,-3.874444792851836,-3.8419095184695893,-3.192037798818066,-0.6824069940337704,0.002429939,0.316793887,-0.032603227,0.0029,0.0196,-0.018338834,0.0167,0.009000000000000001,0.032266978,0.012119329
583,20164,0.03538154713867798,-3.891588507464329,-3.859564714051789,-3.1645798918586916,-0.727008615605637,0.001834446,0.293479097,-0.025103574,0.0051,0.0272,-0.094609451,0.022099999999999998,0.0077000000000000055,0.02410259499999999,0.001701118
584,20171,0.05883678879239819,-3.9306573237924463,-3.876797234030141,-3.1595027876253465,-0.7711545361670996,0.001134788,0.281598889,-0.016198861,0.0074,0.0274,0.013986674,0.02,0.0067000000000000046,-0.0012493379999999991,1.66e-05
585,20172,0.029489512454325337,-3.938134564256898,-3.9127724227595175,-3.148347729877918,-0.7897868343789801,0.001341206,0.272545228,-0.009784006,0.0098,0.0258,0.029498571,0.016,0.006900000000000003,0.022337644999999996,0.009812287
586,20173,0.04072360177746745,-3.9569614818662266,-3.9181322200929682,-3.158183961343951,-0.798777520522276,0.001269467,0.259706167,-0.01108518,0.0103,0.0259,0.00508647,0.0156,0.006699999999999998,0.012526180000000001,0.004733369
587,20174,0.06339216628404805,-4.000753318924748,-3.9413286008114325,-3.1917960368823457,-0.8089572820424031,0.000817603,0.235393343,-0.019878875,0.0132,0.0254,0.012518732,0.012199999999999999,0.007100000000000002,0.022942617000000005,0.007609561
588,20181,-0.010311835152640149,-3.9667806836785124,-3.9791018944812007,-3.130112772841115,-0.8366679108373973,0.009382665,0.259537164,-0.018221349,0.017,0.0285,-0.028672135,0.0115,0.0076999999999999985,-0.014447283999999998,-0.001195208
589,20182,0.0308062532376292,-3.9761581798862347,-3.947234152239666,-3.0998399636038707,-0.876318216282364,0.003908246,0.257737511,-0.022101276,0.019,0.0291,-0.000891393,0.010100000000000001,0.0087,-0.017710735,0.012290893
590,20183,0.06976180243715112,-4.019533332240523,-3.9500459238802073,-3.1067451638782337,-0.912788168362289,0.001355777,0.23643433,-0.020834449,0.0213,0.0334,-0.049997586,0.0121,0.009000000000000001,0.053764663,0.009757407
591,20184,-0.15106151741578733,-3.84247580688601,-3.992968666300451,-2.9410301519496076,-0.901445654936402,0.014208346,0.268166907,-0.019227909,0.0237,0.0284,0.078568057,0.004700000000000003,0.011099999999999999,-0.067938272,0.001785792
592,20191,0.12351234673055114,-3.9433984793987054,-3.820595189746616,-3.0488395329922895,-0.8945589464064158,0.004650866,0.243716706,-0.023231494,0.024,0.0257,0.043474776,0.0017000000000000001,0.010700000000000001,0.026094852999999994,-0.004777392
593,20192,0.035894516311625366,-3.960037574387097,-3.9228598072629692,-3.0794905395742873,-0.8805470348128096,0.003270888,0.237566229,-0.012538346,0.0217,0.0207,0.050545415,-0.0010000000000000009,0.0104,0.012475858,0.011817715
594,20193,0.01091619400145331,-3.9516805333352387,-3.9398598330534256,-3.1089870552380034,-0.8426934780972355,0.005516843,0.234769562,-0.010838109,0.0189,0.017,0.061511287,-0.001899999999999999,0.008800000000000002,0.0007350550000000053,0.00763566
595,20194,0.08089819402613982,-4.015889299061054,-3.9339944468865107,-3.1426293487611434,-0.8732599502999107,0.002319044,0.221429501,-0.007199155,0.0154,0.0186,-0.036089266,0.003199999999999998,0.008700000000000003,0.029172298000000003,0.002404907
596,20201,-0.2201296113958357,-3.769985435712916,-3.9931421418317057,-3.1008911871842817,-0.6690942485286341,0.079048805,0.302151796,-0.007700294,0.0029,0.0087,0.19607342,0.0058,0.0127,-0.152675717,0.000837361
597,20202,0.1842458940705719,-3.9502037117563353,-3.768274944284335,-3.4418105465588065,-0.5083931651975285,0.025588122,0.256550579,-0.016845022,0.0016,0.0073,0.000716827,0.0057,0.012,0.057908168999999995,0.004440138
598,20203,0.0853165074156764,-4.045579885824911,-3.9642421085695987,-3.533378851129171,-0.5122010346957402,0.00725878,0.238369477,-0.005698078,0.0011,0.0068,0.000740757,0.005699999999999999,0.010499999999999999,0.012620258,-0.001232009
599,20204,0.11739014316591896,-4.165886654367361,-4.05534688910543,-3.6864516714430713,-0.4794349829242895,0.006831315,0.216369517,-9.79e-05,0.0009,0.0093,-0.026052045,0.0084,0.009000000000000005,0.056984944999999995,0.009631609
600,20211,0.057793466400904873,-4.233153748230411,-4.177033156687784,-3.4336575240582565,-0.7994962241721542,0.006052048,0.193470813,0.015718343,0.0003,0.0161,-0.116140933,0.015799999999999998,0.007000000000000003,0.013546542000000009,0.000745351
601,20212,0.08187113070201132,-4.3076760259569635,-4.229136357244785,-3.29839510934214,-1.0092809166148233,0.003163144,0.184942119,0.017254589,0.0004,0.0152,0.052981208,0.0148,0.006499999999999999,0.019203247999999992,0.016903799
602,20213,0.006909218299277056,-4.286288966202784,-4.283955448971975,-3.201224226806613,-1.085064739396172,0.003119526,0.188541023,0.015597884,0.0004,0.0137,0.001220919,0.013300000000000001,0.007000000000000003,-0.001702743,0.025744025
603,20214,0.1033187955288099,-4.368360989632388,-4.2671828196547565,-3.181690175061097,-1.186670814571291,0.004996203,0.175598949,0.012970023,0.0006,0.0147,0.014918822,0.0141,0.006500000000000002,-0.0026976599999999993,0.009621047
604,20221,-0.04626421298633618,-4.291917325133756,-4.3426500274914295,-3.1307553402048827,-1.161161984928873,0.011203198,0.206653235,-0.00112206,0.0044,0.0213,-0.089716013,0.0169,0.008600000000000003,-0.020376593,0.016375633
605,20222,-0.17663917533068638,-4.07970602259165,-4.259372187566055,-2.9800529344956965,-1.0996530880959532,0.019889994,0.232860863,-0.004815212,0.0149,0.0314,-0.103663336,0.016499999999999997,0.010299999999999997,0.031093078999999996,0.031212115
606,20223,-0.04856724880114644,-4.0054190317581915,-4.059633907993428,-2.9531503480404444,-1.052268683717747,0.011470356,0.249478363,-0.01129195,0.0313,0.0352,-0.091893239,0.0039000000000000007,0.010999999999999996,0.041327381,0.030632617
607,20224,0.06563987493436527,-4.049554724009454,-3.9811439761369853,-3.101251966122819,-0.9483027578866345,0.015548094,0.216198725,-0.021245776,0.0425,0.0362,0.00722143,-0.0063,0.0116,0.029117829999999997,0.001677292
